Barcode,Row,Column
AACGAACGAGG,0,0
AACGAAGCCAT,0,1
AACGAAGGAAC,0,2
AACCTTCCGCG,0,3
AACCTTCCTTA,0,4
AACCTTGCCGT,0,5
AACGAACGCTC,0,6
AACGAAGCGGA,0,7
AACGAAGCTCG,0,8
AACCTTATCGG,0,9
AACCTTCGACT,0,10
AACGAACCATT,0,11
AACCAAGCCTG,0,12
AACCAATACTT,0,13
AACCAATCTCT,0,14
AACCAACGGTT,0,15
AACCAACTAGA,0,16
AACCAAGATTC,0,17
AACCAAGCTAA,0,18
AACCAATATAG,0,19
AACCAATCGTC,0,20
AACCAACGCAA,0,21
AACCAACTCCG,0,22
AACCAAGCAGT,0,23
AACGCCAGGCT,0,24
AACGCCGCGCC,0,25
AACGCCGTCTC,0,26
AACGCATAACT,0,27
AACGCATACTC,0,28
AACGCCAAGAC,0,29
AACGCCAGTTA,0,30
AACGCCGCTGA,0,31
AACGCCGGCGG,0,32
AACGCAGTAAG,0,33
AACGCATATGG,0,34
AACGCCAGAGC,0,35
AACCGCCTAAC,0,36
AACCGCGCCAT,0,37
AACCGCTATTG,0,38
AACCGCAGACC,0,39
AACCGCAGCTG,0,40
AACCGCCGAGT,0,41
AACCGCCTCGG,0,42
AACCGCGCTCA,0,43
AACCGCGGCGC,0,44
AACCGCAATGC,0,45
AACCGCATAGA,0,46
AACCGCCGCCA,0,47
AACCTTGATGA,0,48
AACGAACGTAT,0,49
AACGAAGAGCC,0,50
AACCTTACGGC,0,51
AACCTTAGCTA,0,52
AACCTTCTTAC,0,53
AACCTTGCAAG,0,54
AACGAACTCGT,0,55
AACGAACTTCC,0,56
AACCTTAAGAT,0,57
AACCTTAGTAG,0,58
AACCTTGACCG,0,59
AACCAAGACGA,0,60
AACCAAGGATA,0,61
AACCAATAAGC,0,62
AACCAACCGCA,0,63
AACCAACCTGC,0,64
AACCAACTGAC,0,65
AACCAAGAGAT,0,66
AACCAAGGCCT,0,67
AACCAAGTTGG,0,68
AACCAACCAAG,0,69
AACCAACGACC,0,70
AACCAAGAACG,0,71
AACGCGCATTC,1,0
AACGCGGTCAT,1,1
AACGCGTCATC,1,2
AACGCCTTCAG,1,3
AACGCGAACGC,1,4
AACGCGATCCG,1,5
AACGCGCCAGT,1,6
AACGCGGTTCC,1,7
AACGCGTAAGA,1,8
AACGCCTGCTT,1,9
AACGCGAAGTA,1,10
AACGCGCAACG,1,11
AACCGGTATCC,1,12
AACCGTCCTAG,1,13
AACCGTTAACT,1,14
AACCGGACGGA,1,15
AACCGGACTAC,1,16
AACCGGCGTCT,1,17
AACCGGTCCTA,1,18
AACCGTCGCAT,1,19
AACCGTCTCTA,1,20
AACCGGAAGTT,1,21
AACCGGATATG,1,22
AACCGGTACGT,1,23
AACGACCTGGC,1,24
AACGACGGCAA,1,25
AACGACTACGG,1,26
AACGAATACCA,1,27
AACGAATCGAG,1,28
AACGACCGCCG,1,29
AACGACGAAGA,1,30
AACGACGTTCA,1,31
AACGACTAATT,1,32
AACGAAGTACT,1,33
AACGAATCTTA,1,34
AACGACCTAAG,1,35
AACCAGAGACG,1,36
AACCAGCAGGA,1,37
AACCAGCGCTG,1,38
AACCAATGCGG,1,39
AACCAATTATG,1,40
AACCAGACGCT,1,41
AACCAGAGCGC,1,42
AACCAGCCATC,1,43
AACCAGCCTCG,1,44
AACCAATGAAT,1,45
AACCAATTGGT,1,46
AACCAGACTTA,1,47
AACGCCGAGTT,1,48
AACGCCTAGCG,1,49
AACGCCTCTCT,1,50
AACGCATGATG,1,51
AACGCATTGAC,1,52
AACGCCATATG,1,53
AACGCCGCAAT,1,54
AACGCCTATAA,1,55
AACGCCTCAGG,1,56
AACGCATCCGT,1,57
AACGCCAACCA,1,58
AACGCCATGGA,1,59
AACCGCGAGGT,1,60
AACCGCTCATT,1,61
AACCGCTTGGC,1,62
AACCGCCAACG,1,63
AACCGCCAGTC,1,64
AACCGCCTGCT,1,65
AACCGCGCAGG,1,66
AACCGCTCGAG,1,67
AACCGCTTCAA,1,68
AACCGCATTAG,1,69
AACCGCCATAT,1,70
AACCGCGACTA,1,71
AACGAGGAATC,2,0
AACGAGTTGGA,2,1
AACGATAGAGA,2,2
AACGAGAAGGT,2,3
AACGAGACCGA,2,4
AACGAGCCTAC,2,5
AACGAGGAGAG,2,6
AACGATAATCC,2,7
AACGATACTAA,2,8
AACGAGAACTG,2,9
AACGAGACGTC,2,10
AACGAGCGGCC,2,11
AACCATATGCG,2,12
AACCATCTATT,2,13
AACCATGGCAG,2,14
AACCAGTAGCG,2,15
AACCAGTCAGG,2,16
AACCATAGTCA,2,17
AACCATCAAGG,2,18
AACCATCTCGC,2,19
AACCATGATCT,2,20
AACCAGTAATA,2,21
AACCAGTCGAA,2,22
AACCATATCAA,2,23
AACGCGCTAAC,2,24
AACGCTAATAG,2,25
AACGCTCAATA,2,26
AACGCGACGAT,2,27
AACGCGACTTG,2,28
AACGCGCGCAA,2,29
AACGCGCTGCA,2,30
AACGCTACCTA,2,31
AACGCTATAGT,2,32
AACGCGAATCT,2,33
AACGCGAGTAC,2,34
AACGCGCGGTT,2,35
AACCGTAGATT,2,36
AACCGTTACTC,2,37
AACCTAACCTT,2,38
AACCGGCAGAG,2,39
AACCGGCATTA,2,40
AACCGGTTGAT,2,41
AACCGTATGAC,2,42
AACCGTTCGCA,2,43
AACCGTTGAGA,2,44
AACCGGCAAGC,2,45
AACCGGCCAAT,2,46
AACCGTAATCG,2,47
AACGACGCATG,2,48
AACGACTCAAC,2,49
AACGACTTCTA,2,50
AACGACCAGAA,2,51
AACGACCATTG,2,52
AACGACGACCT,2,53
AACGACGCCGC,2,54
AACGACTCGCA,2,55
AACGACTGGAT,2,56
AACGACCAACC,2,57
AACGACCGATA,2,58
AACGACGATAC,2,59
AACCAGATTCC,2,60
AACCAGCTCAT,2,61
AACCAGGTCTA,2,62
AACCAGAAGAC,2,63
AACCAGAATGG,2,64
AACCAGAGTAT,2,65
AACCAGCAACT,2,66
AACCAGGCGGC,2,67
AACCAGGTAAC,2,68
AACCAGAACCA,2,69
AACCAGACCAG,2,70
AACCAGATAGT,2,71
AACGGACCGAA,3,0
AACGGAGGAGA,3,1
AACGGATAATA,3,2
AACGCTCTGAT,3,3
AACGCTGATCA,3,4
AACGGAATAGG,3,5
AACGGACCTTC,3,6
AACGGAGGTCC,3,7
AACGGAGTATC,3,8
AACGCTCTCTG,3,9
AACGCTGCTTC,3,10
AACGGAATCCA,3,11
AACCTATGGCC,3,12
AACCTCATGGT,3,13
AACCTCCGCAG,3,14
AACCTAATAAC,3,15
AACCTACCTAT,3,16
AACCTATAGTA,3,17
AACCTATTCAT,3,18
AACCTCCAATA,3,19
AACCTCCATGG,3,20
AACCTAAGTTC,3,21
AACCTACGATG,3,22
AACCTATCTTG,3,23
AACGAGTCCTT,3,24
AACGATAGCAT,3,25
AACGATCAGTT,3,26
AACGAGAGGAA,3,27
AACGAGATTAG,3,28
AACGAGGTAGG,3,29
AACGAGTTACC,3,30
AACGATAGTTG,3,31
AACGATATATC,3,32
AACGAGAGATT,3,33
AACGAGCATCA,3,34
AACGAGTATAT,3,35
AACCATCCGAT,3,36
AACCATTCCGA,3,37
AACCGAACCAA,3,38
AACCATAAGTA,3,39
AACCATACCTC,3,40
AACCATCAGCC,3,41
AACCATCGTTC,3,42
AACCATTCTAC,3,43
AACCATTGGCT,3,44
AACCATAACGT,3,45
AACCATAGAAC,3,46
AACCATCATAA,3,47
AACGCTTGCCA,3,48
AACGGACGACT,3,49
AACGGAGATAG,3,50
AACGCTCCGGA,3,51
AACGCTCGACC,3,52
AACGCTGGATT,3,53
AACGGAACGTT,3,54
AACGGACGCAG,3,55
AACGGAGACGT,3,56
AACGCTCCAAG,3,57
AACGCTCGCGT,3,58
AACGCTTCGTT,3,59
AACCTAGCGCT,3,60
AACCTCAACGA,3,61
AACCTCATACG,3,62
AACCTAACTCA,3,63
AACCTAAGAGA,3,64
AACCTACGCGC,3,65
AACCTAGTCCA,3,66
AACCTCAAGCC,3,67
AACCTCAGAAT,3,68
AACCTAACGAG,3,69
AACCTAAGCCG,3,70
AACCTAGAGGC,3,71
AACGCAAGCGA,4,0
AACGCAGAAGC,4,1
AACGCAGCATA,4,2
AACGATGACTA,4,3
AACGATGCGAC,4,4
AACGCAACTGC,4,5
AACGCAAGGTC,4,6
AACGCAGACCG,4,7
AACGCAGAGAA,4,8
AACGATCTTGG,4,9
AACGATGGACG,4,10
AACGCAAGAAT,4,11
AACCGAGCAAC,4,12
AACCGATCCGC,4,13
AACCGCAAGAA,4,14
AACCGAATACT,4,15
AACCGAATCTC,4,16
AACCGAGAATT,4,17
AACCGAGGTTG,4,18
AACCGATGATC,4,19
AACCGCAACCT,4,20
AACCGAAGGTA,4,21
AACCGACCATA,4,22
AACCGAGAGCA,4,23
AACGGCGCGTA,4,24
AACGGCTGGTC,4,25
AACGGTAGCCG,4,26
AACGGATCCTG,4,27
AACGGATGGCA,4,28
AACGGCCTCTT,4,29
AACGGCGGTAT,4,30
AACGGTAACGA,4,31
AACGGTAAGCT,4,32
AACGGATCAAT,4,33
AACGGCAACTC,4,34
AACGGCCTTCG,4,35
AACCTCTATAC,4,36
AACCTGATCCT,4,37
AACCTGCTAAG,4,38
AACCTCCTCTC,4,39
AACCTCCTGAA,4,40
AACCTCGGTAA,4,41
AACCTCTCCGG,4,42
AACCTGCCAGA,4,43
AACCTGCCGAC,4,44
AACCTCCGTCC,4,45
AACCTCGAACT,4,46
AACCTCGTTGC,4,47
AACGCAACCAG,4,48
AACGCAAGTCG,4,49
AACGCAATTAA,4,50
AACGATCCTCT,4,51
AACGATCGGAG,4,52
AACGATTAGGC,4,53
AACGCAACGCA,4,54
AACGCAATACC,4,55
AACGCAATCTT,4,56
AACGATCCAGC,4,57
AACGATCTCCA,4,58
AACGATTGGTA,4,59
AACCGACGTAC,4,60
AACCGAGTCAG,4,61
AACCGATATGA,4,62
AACCGAACTGG,4,63
AACCGAAGAAG,4,64
AACCGACCGGT,4,65
AACCGACTTCA,4,66
AACCGATACCG,4,67
AACCGATAGAC,4,68
AACCGAACGCC,4,69
AACCGAAGCGT,4,70
AACCGACGGCG,4,71
AAGAATTATAA,5,0
AAGACCAGAAG,5,1
AAGACCATACC,5,2
AAGAATCCATC,5,3
AAGAATCCTCA,5,4
AAGAATGGCTC,5,5
AAGAATTGCAT,5,6
AAGACCAGCCT,5,7
AAGACCAGGTC,5,8
AAGAATCATTG,5,9
AAGAATCGCGG,5,10
AAGAATTAGGT,5,11
AACTCAGATAC,5,12
AACTCATCAAC,5,13
AACTCATTATT,5,14
AACTATGCAGG,5,15
AACTATTATTG,5,16
AACTCAATTCT,5,17
AACTCAGCCAA,5,18
AACTCATCTCA,5,19
AACTCATGCAT,5,20
AACTATGAGGT,5,21
AACTATTGAGT,5,22
AACTCAGACTT,5,23
AACTTACTTGG,5,24
AACTTATTGCA,5,25
AACTTCATTCA,5,26
AACTGGTAGCA,5,27
AACTGGTCAGT,5,28
AACTTACCGTT,5,29
AACTTAGTCGT,5,30
AACTTCAAGTT,5,31
AACTTCAGATG,5,32
AACTGGCTACT,5,33
AACTGGTCCAG,5,34
AACTTACGGAG,5,35
AACGTACTACG,5,36
AACGTAGTTAC,5,37
AACGTCAGCGT,5,38
AACGGTTCCAA,5,39
AACGGTTCTCC,5,40
AACGTACCTGA,5,41
AACGTAGAATG,5,42
AACGTATAGGT,5,43
AACGTCAATAT,5,44
AACGGTCGTAA,5,45
AACGGTTGAAC,5,46
AACGTACGCCA,5,47
AACGGCTCGGT,5,48
AACGGTATTGC,5,49
AACGGTCGATG,5,50
AACGGCATAAT,5,51
AACGGCATGCC,5,52
AACGGCGTCGA,5,53
AACGGCTGACG,5,54
AACGGTCAAGT,5,55
AACGGTCAGAC,5,56
AACGGCAGGAG,5,57
AACGGCCATGA,5,58
AACGGCTAAGC,5,59
AACCTGAATAA,5,60
AACCTGGAAGG,5,61
AACCTGGTATT,5,62
AACCTCGCATC,5,63
AACCTCGCGGA,5,64
AACCTCTGAGC,5,65
AACCTGAGGCA,5,66
AACCTGGCCAA,5,67
AACCTGGCTCC,5,68
AACCTCGAGAG,5,69
AACCTCGGCTT,5,70
AACCTGAACTC,5,71
AACTTGGAGAT,6,0
AAGAACCGAAT,6,1
AAGAACCTAGC,6,2
AACTTCTTAAT,6,3
AACTTCTTCGA,6,4
AACTTGCGAGC,6,5
AACTTGGATGC,6,6
AAGAACCGCCA,6,7
AAGAACCGTTC,6,8
AACTTCTAACG,6,9
AACTTGAACGT,6,10
AACTTGCTCTT,6,11
AACGTTATAAG,6,12
AACTAACTAAT,6,13
AACTAAGCATC,6,14
AACGTCGCTAG,6,15
AACGTCGGACC,6,16
AACGTTACTCG,6,17
AACGTTCATGC,6,18
AACTAACTCTA,6,19
AACTAAGAGTA,6,20
AACGTCCTAGT,6,21
AACGTCGTCCG,6,22
AACGTTAGGCC,6,23
AAGACCAAGAA,6,24
AAGACCATCTA,6,25
AAGACCGCATA,6,26
AAGAATGAGCG,6,27
AAGAATGCGAT,6,28
AAGAATTGGCC,6,29
AAGACCAATCG,6,30
AAGACCATGGT,6,31
AAGACCGAGCC,6,32
AAGAATCGGTT,6,33
AAGAATGGAGA,6,34
AAGACCAACGC,6,35
AACTCAGTAGA,6,36
AACTCATTCGC,6,37
AACTCCAGCAA,6,38
AACTCAACGGT,6,39
AACTCAAGAGG,6,40
AACTCAGCGCG,6,41
AACTCATAGGA,6,42
AACTCCAACGG,6,43
AACTCCAATCC,6,44
AACTCAACCTC,6,45
AACTCAATGAG,6,46
AACTCAGGACC,6,47
AACTTATCGGC,6,48
AACTTCCAGGA,6,49
AACTTCGACCA,6,50
AACTTAAGACT,6,51
AACTTAAGTAA,6,52
AACTTATACGG,6,53
AACTTATGATA,6,54
AACTTCCATTC,6,55
AACTTCCTACC,6,56
AACTTAACCGA,6,57
AACTTAATCTG,6,58
AACTTATATAT,6,59
AACGTAGCGTC,6,60
AACGTCATCAA,6,61
AACGTCCGGAC,6,62
AACGTAATCGC,6,63
AACGTAATGAT,6,64
AACGTAGATCT,6,65
AACGTAGGTTA,6,66
AACGTCATTGG,6,67
AACGTCCAGCT,6,68
AACGTAATATA,6,69
AACGTACCAAC,6,70
AACGTAGCCGG,6,71
AAGACGATATG,7,0
AAGACGCGCTA,7,1
AAGACGGAGGT,7,2
AAGACCTACTG,7,3
AAGACCTATAC,7,4
AAGACGACTCT,7,5
AAGACGATTAC,7,6
AAGACGCTCCG,7,7
AAGACGGACCA,7,8
AAGACCGTTAA,7,9
AAGACCTCGCT,7,10
AAGACGAGAGA,7,11
AACTCGCAGAA,7,12
AACTCGGAACT,7,13
AACTCGTAGTC,7,14
AACTCCGTTAT,7,15
AACTCCTCCTA,7,16
AACTCGAGATC,7,17
AACTCGCATGG,7,18
AACTCGGCAGC,7,19
AACTCGGCCTG,7,20
AACTCCGGCCT,7,21
AACTCCTCGAT,7,22
AACTCGATGGC,7,23
AAGAACCAGAC,7,24
AAGAACCTCAG,7,25
AAGAACGACTA,7,26
AACTTGACTCT,7,27
AACTTGAGCAG,7,28
AACTTGGTTAG,7,29
AAGAACCATGA,7,30
AAGAACCTGCT,7,31
AAGAACGAAGT,7,32
AACTTGACGTA,7,33
AACTTGCAGCC,7,34
AAGAACCAACG,7,35
AACTAACCTTG,7,36
AACTAAGGCGC,7,37
AACTAATCAGA,7,38
AACGTCTCCAT,7,39
AACGTCTCTGC,7,40
AACGTTGCAGA,7,41
AACTAACGTCA,7,42
AACTAAGGTAG,7,43
AACTAATAGCT,7,44
AACGTCTCATA,7,45
AACGTTAACTT,7,46
AACGTTGGCCT,7,47
AAGACGACCGG,7,48
AAGACGCAAGC,7,49
AAGACGCGACT,7,50
AAGACCGCTGC,7,51
AAGACCGGCGA,7,52
AAGACCTGAGT,7,53
AAGACGACGTA,7,54
AAGACGCAGAG,7,55
AAGACGCCTTC,7,56
AAGACCGCCAT,7,57
AAGACCGTAGG,7,58
AAGACGAACTT,7,59
AACTCGAAGCG,7,60
AACTCGCCGCT,7,61
AACTCGCTCGA,7,62
AACTCCGAATA,7,63
AACTCCGAGGC,7,64
AACTCCTGAGA,7,65
AACTCGACTAA,7,66
AACTCGCGAAT,7,67
AACTCGCGCCG,7,68
AACTCCATAAC,7,69
AACTCCGGAAG,7,70
AACTCCTGGCC,7,71
AAGAAGAAGAT,8,0
AAGAAGAGCGT,8,1
AAGAAGATCTC,8,2
AAGAACGGTCT,8,3
AAGAACTAATC,8,4
AAGAACTGGTA,8,5
AAGAAGAATGC,8,6
AAGAAGAGTCA,8,7
AAGAAGATACT,8,8
AAGAACGGATG,8,9
AAGAACTACCT,8,10
AAGAAGAACCG,8,11
AACTACGGATT,8,12
AACTACTGCTG,8,13
AACTAGAGCCT,8,14
AACTACCGAAC,8,15
AACTACCGCGA,8,16
AACTACGCGCT,8,17
AACTACGGTCC,8,18
AACTACTTAGC,8,19
AACTAGAATTC,8,20
AACTACCAGCG,8,21
AACTACCTCCT,8,22
AACTACGCTTA,8,23
AAGACTATCAT,8,24
AAGACTCTCTC,8,25
AAGACTGCTCG,8,26
AAGACGGCGAC,8,27
AAGACGGTCGC,8,28
AAGACTAGATT,8,29
AAGACTCAGGA,8,30
AAGACTGAATC,8,31
AAGACTGACGG,8,32
AAGACGGATTG,8,33
AAGACGTATGA,8,34
AAGACTAGTCC,8,35
AACTCTCGTTG,8,36
AACTGAACTAT,8,37
AACTGACCAGC,8,38
AACTCGTTCCT,8,39
AACTCTAACCT,8,40
AACTCTCCTCC,8,41
AACTCTCTACG,8,42
AACTGAAGGAC,8,43
AACTGAATGGA,8,44
AACTCGTTAAG,8,45
AACTCTACGAC,8,46
AACTCTCGGCA,8,47
AAGAACTCTCC,8,48
AAGAAGACCAA,8,49
AAGAAGAGAAC,8,50
AAGAACGCAAC,8,51
AAGAACGCCGG,8,52
AAGAACTCAGA,8,53
AAGAACTGCGC,8,54
AAGAAGACGCC,8,55
AAGAAGACTTG,8,56
AAGAACGATAG,8,57
AAGAACGCGCA,8,58
AAGAACTCGAG,8,59
AACTACGATGG,8,60
AACTACGTACG,8,61
AACTACTCCGT,8,62
AACTAATGGAA,8,63
AACTAATTCAG,8,64
AACTACCTTAA,8,65
AACTACGCCAG,8,66
AACTACTAGAC,8,67
AACTACTATCA,8,68
AACTAATGACG,8,69
AACTACCAAGT,8,70
AACTACGACTC,8,71
AAGAGACGAGG,9,0
AAGAGAGAGAT,9,1
AAGAGAGGTAC,9,2
AAGAGAACTGC,9,3
AAGAGAAGAAT,9,4
AAGAGACCAAC,9,5
AAGAGACGCTC,9,6
AAGAGAGCAGA,9,7
AAGAGAGCTCT,9,8
AAGAGAACGCA,9,9
AAGAGAAGCGA,9,10
AAGAGACCGTT,9,11
AACTGCCTTGC,9,12
AACTGCTTATA,9,13
AACTGGAGAGA,9,14
AACTGAGGCCA,9,15
AACTGAGTTCG,9,16
AACTGCCGCTC,9,17
AACTGCGATCT,9,18
AACTGGAATAG,9,19
AACTGGACCGC,9,20
AACTGAGGAAT,9,21
AACTGATAACC,9,22
AACTGCCGGAT,9,23
AAGAAGGTCAT,9,24
AAGAATAACGA,9,25
AAGAATACTAC,9,26
AAGAAGCAATA,9,27
AAGAAGCATCT,9,28
AAGAAGGCATT,9,29
AAGAAGGTTCG,9,30
AAGAATAAGTC,9,31
AAGAATACCTT,9,32
AAGAAGATGGA,9,33
AAGAAGCCAAG,9,34
AAGAAGGCTGA,9,35
AACTAGGTTCT,9,36
AACTATACGCA,9,37
AACTATATTAC,9,38
AACTAGATCGG,9,39
AACTAGATGAT,9,40
AACTAGGATAA,9,41
AACTAGTACGA,9,42
AACTATAGGTC,9,43
AACTATATACT,9,44
AACTAGATATA,9,45
AACTAGCAATG,9,46
AACTAGGCAAT,9,47
AAGACTCCGCC,9,48
AAGACTGGTTA,9,49
AAGAGAACCAG,9,50
AAGACTAAGCT,9,51
AAGACTACGAG,9,52
AAGACTCATAT,9,53
AAGACTCGAAC,9,54
AAGACTTAACG,9,55
AAGACTTCCAA,9,56
AAGACGTTAAT,9,57
AAGACTACTGA,9,58
AAGACTCCAGG,9,59
AACTCTTCATG,9,60
AACTGACTATG,9,61
AACTGAGCTGA,9,62
AACTCTAGCGC,9,63
AACTCTAGTAT,9,64
AACTCTGACGA,9,65
AACTCTTGGAG,9,66
AACTGACTGCC,9,67
AACTGAGAAGG,9,68
AACTCTACTGG,9,69
AACTCTCAAGC,9,70
AACTCTGCGTA,9,71
ACTTCTCAAGA,10,0
AGAACCAGCGC,10,1
AGAACCATCTT,10,2
ACTCCGAATCT,10,3
ACTCGTCTTGC,10,4
ACTTCGATTAT,10,5
ACTTGGCTGCT,10,6
AGAACCAGTTA,10,7
AGAACCATAGG,10,8
ACTCCATCAAT,10,9
ACTCTATTCAG,10,10
ACTTCGCAGGT,10,11
AAGAGCCAGCA,10,12
AAGAGCGCGGT,10,13
AAGAGCTCCTA,10,14
AAGAGATATAG,10,15
AAGAGATCATG,10,16
AAGAGCATCGG,10,17
AAGAGCCGCGT,10,18
AAGAGCGGCCG,10,19
AAGAGCGTAAT,10,20
AAGAGATAGTC,10,21
AAGAGATGACC,10,22
AAGAGCATGAC,10,23
AAGAGAGAACG,10,24
AAGAGAGTCTA,10,25
AAGAGATACCA,10,26
AAGAGAATATC,10,27
AAGAGAATCCT,10,28
AAGAGACGGAA,10,29
AAGAGAGACGC,10,30
AAGAGAGTTGG,10,31
AAGAGATAAGT,10,32
AAGAGAAGTCG,10,33
AAGAGAATTAA,10,34
AAGAGACTGCG,10,35
AACTGCTACTT,10,36
AACTGGAGTCC,10,37
AACTGGCCGTC,10,38
AACTGCAATTA,10,39
AACTGCAGGCA,10,40
AACTGCGCGAC,10,41
AACTGCTCTAA,10,42
AACTGGATCAA,10,43
AACTGGCAGGT,10,44
AACTGATCGTA,10,45
AACTGCATCCG,10,46
AACTGCGTAGT,10,47
AAGAAGTCTAT,10,48
AAGAATAGACG,10,49
AAGAATATTGG,10,50
AAGAAGCGGCG,10,51
AAGAAGCTTAA,10,52
AAGAAGTAAGG,10,53
AAGAAGTTGAC,10,54
AAGAATAGGAA,10,55
AAGAATATATA,10,56
AAGAAGCCGGT,10,57
AAGAAGGAACC,10,58
AAGAAGTAGCA,10,59
AACTATAAGAG,10,60
AACTATCCATA,10,61
AACTATGAACC,10,62
AACTAGCCTGA,10,63
AACTAGCGGTA,10,64
AACTAGTCGCC,10,65
AACTATAATGA,10,66
AACTATCGCTT,10,67
AACTATCTGGA,10,68
AACTAGCCGAG,10,69
AACTAGGACCG,10,70
AACTAGTTCTC,10,71
AGAAGCCTTGG,11,0
AGAAGGATCGG,11,1
AGAAGGCTGCG,11,2
AGAAGATTGGC,11,3
AGAAGCAATTC,11,4
AGAAGCCGTAA,11,5
AGAAGCGCCGC,11,6
AGAAGGCAGAT,11,7
AGAAGGCTAGA,11,8
AGAAGATTCTG,11,9
AGAAGCAGGAG,11,10
AGAAGCCTCCA,11,11
ACCAGCTCTTG,11,12
ACCATATTGAA,11,13
ACCATGATTCG,11,14
ACCAATGCGAG,11,15
ACCAATTACTA,11,16
ACCAGCCAGTT,11,17
ACCATAATACT,11,18
ACCATCAGCAG,11,19
ACCATCGGATG,11,20
ACCAATGACGT,11,21
ACCAGAACCGC,11,22
ACCAGCCGGCG,11,23
AGAACCAAGAC,11,24
AGAACCATTCC,11,25
AGAACCGATAA,11,26
ACTTATAGTCG,11,27
ACTTCAGCGAT,11,28
ACTTGGTCGCA,11,29
AGAACCAGAAT,11,30
AGAACCGAACC,11,31
AGAACCGACGT,11,32
ACTTAATAGTA,11,33
ACTTCCGATTA,11,34
AGAACCAACCG,11,35
AAGAGCCTTCC,11,36
AAGAGCTCTGG,11,37
AAGAGGAGCTG,11,38
AAGAGCAAGTT,11,39
AAGAGCAGAGC,11,40
AAGAGCCGTAG,11,41
AAGAGCGATTC,11,42
AAGAGCTGGAT,11,43
AAGAGCTTACG,11,44
AAGAGATTGGA,11,45
AAGAGCAGTTA,11,46
AAGAGCCTATA,11,47
AGAAGCCGAGT,11,48
AGAAGCGGAAC,11,49
AGAAGGAGAGC,11,50
AGAAGATAGCA,11,51
AGAAGATCGAG,11,52
AGAAGCATTAT,11,53
AGAAGCCGGCC,11,54
AGAAGCTCATT,11,55
AGAAGGAATGA,11,56
AGAAGATAATC,11,57
AGAAGATGAGG,11,58
AGAAGCCAACG,11,59
ACCAGACGCGT,11,60
ACCATACTATA,11,61
ACCATATGCTC,11,62
ACCAATCAATG,11,63
ACCAATCCGCC,11,64
ACCAGAACTCT,11,65
ACCAGATGCAA,11,66
ACCATACTGGT,11,67
ACCATATATCT,11,68
ACCAATAGCAA,11,69
ACCAATCTAGC,11,70
ACCAGACCAAT,11,71
AGAACGACCGT,12,0
AGAACGCCATC,12,1
AGAACGCTACT,12,2
AGAACCTAATG,12,3
AGAACCTATCT,12,4
AGAACGAAGCT,12,5
AGAACGAGACG,12,6
AGAACGCCGAG,12,7
AGAACGCGCTT,12,8
AGAACCGGCTG,12,9
AGAACCTCCAT,12,10
AGAACGAATAG,12,11
AAGCAACGGAG,12,12
AAGGAACGCGA,12,13
AATAACCATCC,12,14
AAGAGTAATCA,12,15
AAGAGTCTGGC,12,16
AAGCAACCTTA,12,17
AAGCAACTATC,12,18
AAGTAACCTCT,12,19
AATAACCAATT,12,20
AAGAGGTCGAA,12,21
AAGATAACCGT,12,22
AAGCAACGAGT,12,23
AGAATAACCGC,12,24
AGAATACGACC,12,25
AGAATAGCCAA,12,26
AGAAGTAACTG,12,27
AGAAGTATGAC,12,28
AGAAGTTGAAT,12,29
AGAATAAGAGA,12,30
AGAATACGTTG,12,31
AGAATACTCTA,12,32
AGAAGGTACCT,12,33
AGAAGTCAATT,12,34
AGAAGTTGCCG,12,35
ACCTAAGAGCG,12,36
ACCTCTCCTAT,12,37
ACCTGCAACCA,12,38
ACCGAACCGAT,12,39
ACCGAACGGCG,12,40
ACCGATAGGCT,12,41
ACCTACCGGAA,12,42
ACCTCTCGAGT,12,43
ACCTCTCTTGG,12,44
ACCATTAACCA,12,45
ACCGAACTATC,12,46
ACCGCATCCAA,12,47
AGAACCTTGCG,12,48
AGAACGATAAC,12,49
AGAACGCATCC,12,50
AGAACCGCGCT,12,51
AGAACCGCTTC,12,52
AGAACCTCGGC,12,53
AGAACGAACTC,12,54
AGAACGATCCA,12,55
AGAACGCAAGG,12,56
AGAACCGCAAG,12,57
AGAACCGGAGA,12,58
AGAACCTGGAA,12,59
AAGATAAGATG,12,60
AAGCAACTTAT,12,61
AAGGAACCTGG,12,62
AAGAGGCATAC,12,63
AAGAGGCCTCG,12,64
AAGATAACGAC,12,65
AAGATCAACCA,12,66
AAGCAAGATCA,12,67
AAGGAACCGAC,12,68
AAGAGGAGGCT,12,69
AAGAGGCTAGT,12,70
AAGATAACTTA,12,71
AGAATCCGCAT,13,0
AGACCAACTCT,13,1
AGACCAATAAT,13,2
AGAATATACGT,13,3
AGAATATCGTC,13,4
AGAATCCAAGC,13,5
AGAATCGAGTT,13,6
AGACCAAGACC,13,7
AGACCAAGCGT,13,8
AGAATATAACG,13,9
AGAATATCTAT,13,10
AGAATCCAGAG,13,11
ACGAATTGATA,13,12
ACGACGTTGCT,13,13
ACGAGACCTGG,13,14
ACGAACTATTG,13,15
ACGAACTCCAT,13,16
ACGAATGACCA,13,17
ACGACCGCAGT,13,18
ACGACTCTCGG,13,19
ACGACTCTGAT,13,20
ACGAACGTTAT,13,21
ACGAACTGACG,13,22
ACGAATTCCGG,13,23
AGAACTAATGC,13,24
AGAACTCAGCG,13,25
AGAACTCGGAC,13,26
AGAACGCTTAA,13,27
AGAACGGAATT,13,28
AGAACGTCGCA,13,29
AGAACTACGAA,13,30
AGAACTCATTA,13,31
AGAACTCCAAT,13,32
AGAACGCTCGC,13,33
AGAACGGAGGC,13,34
AGAACGTTGAT,13,35
AATATACTCTG,13,36
ACCAACCGCGG,13,37
ACCAACCTTCG,13,38
AATAACCGGAA,13,39
AATAACCTCGA,13,40
AATAATTGAAG,13,41
AATGGTTAAGA,13,42
ACCAACCGTAT,13,43
ACCAACCTCTT,13,44
AATAACCGAGG,13,45
AATAACGACCG,13,46
AATACCAATAT,13,47
AGAATAATTAA,13,48
AGAATAGCGGT,13,49
AGAATAGTAGG,13,50
AGAAGTCATAG,13,51
AGAAGTCCTGA,13,52
AGAATAATATC,13,53
AGAATACCAAG,13,54
AGAATAGCTCC,13,55
AGAATAGGATT,13,56
AGAAGTCAGGC,13,57
AGAAGTCGCTA,13,58
AGAATAATGCT,13,59
ACCTCCGGTCA,13,60
ACGAACCTATG,13,61
ACGAACGGCAA,13,62
ACCGAAGAATT,13,63
ACCGAAGACGC,13,64
ACCTAGTAACG,13,65
ACCTCGAGGCT,13,66
ACGAACGACGC,13,67
ACGAACGAGTT,13,68
ACCGAACTTAA,13,69
ACCGAAGGCAG,13,70
ACCTCCGCCGG,13,71
AGAAGAAGCTC,14,0
AGAAGACTCGT,14,1
AGAAGAGACCG,14,2
AGAACTGCCTT,14,3
AGAACTTAAGT,14,4
AGAAGAACTGG,14,5
AGAAGAATAAG,14,6
AGAAGACTTAC,14,7
AGAAGAGAAGT,14,8
AGAACTGCAGC,14,9
AGAACTTAGTC,14,10
AGAAGAAGACT,14,11
ACCAAGAACCT,14,12
ACCAAGAGAAT,14,13
ACCAAGATATG,14,14
ACCAACGTCAG,14,15
ACCAACGTTGA,14,16
ACCAACTGGAC,14,17
ACCAAGAAGGC,14,18
ACCAAGAGCTC,14,19
ACCAAGAGGCG,14,20
ACCAACGGCCT,14,21
ACCAACTACCG,14,22
ACCAACTTACC,14,23
AGAATCTGCTC,14,24
AGAGAACCAAC,14,25
AGAGAACGACG,14,26
AGAATCAGATG,14,27
AGAATCAGTCT,14,28
AGAATCGTCGA,14,29
AGACCAACGGC,14,30
AGAGAACCGCT,14,31
AGAGAACCTTA,14,32
AGAATCAACTA,14,33
AGAATCATCAG,14,34
AGAATCTATGA,14,35
ACGACGAAGCG,14,36
ACGAGACGGCT,14,37
ACGATACGGTA,14,38
ACGAAGTACGT,14,39
ACGAATAATCT,14,40
ACGACCTAGGC,14,41
ACGACGGTATT,14,42
ACGAGACTCCA,14,43
ACGAGCTTCGC,14,44
ACGAAGAGAGG,14,45
ACGAATACGCA,14,46
ACGACCTTGAA,14,47
AGAACTAGCAG,14,48
AGAACTCGTCT,14,49
AGAACTGAGAT,14,50
AGAACGGTCAG,14,51
AGAACGTACGA,14,52
AGAACTACTCG,14,53
AGAACTATGGT,14,54
AGAACTCTATG,14,55
AGAACTGACCA,14,56
AGAACGGCTAT,14,57
AGAACGTCCTG,14,58
AGAACTAGATC,14,59
ACCAACCATGC,14,60
ACCAACGAAGG,14,61
ACCAACGCTAC,14,62
AATAACGCCAA,14,63
AATAACGCGGC,14,64
ACCAACCAACT,14,65
ACCAACCGATC,14,66
ACCAACGAGCC,14,67
ACCAACGCATT,14,68
AATAACGAGAT,14,69
AATAACGGCGT,14,70
ACCAACCAGAG,14,71
AGGAGCTAGAA,15,0
AGGCGTCGAGT,15,1
AGGCTTAGATA,15,2
AGCAGTAGAAG,15,3
AGCGTTCTCGA,15,4
AGGAACTGCTG,15,5
AGGAGGTACTG,15,6
AGGCTAATTCT,15,7
AGGCTTAAGAA,15,8
AGCAATCGCTC,15,9
AGCTCGCTATG,15,10
AGGAAGAGTAT,15,11
ACGTACGGAAG,15,12
ACGTTAGAGCT,15,13
ACTCAGTAACC,15,14
ACGCAATCCTT,15,15
ACGCAATGGCT,15,16
ACGCGCTGGAG,15,17
ACGTACGTCCG,15,18
ACTACTTATTG,15,19
ACTCAACTCGA,15,20
ACGCAACCGCC,15,21
ACGCATGAGGC,15,22
ACGGACCAAGA,15,23
AGAAGACGCAG,15,24
AGAAGAGAGAC,15,25
AGAAGAGTACC,15,26
AGAACTTCTAC,15,27
AGAAGAACCAT,15,28
AGAAGACCAGC,15,29
AGAAGACGGTT,15,30
AGAAGAGATTA,15,31
AGAAGAGCATG,15,32
AGAACTTCATA,15,33
AGAAGAACGCC,15,34
AGAAGACCTCT,15,35
ACCAAGACGTT,15,36
ACCAAGCCAAC,15,37
ACCAAGCTCCA,15,38
ACCAACTCAAG,15,39
ACCAACTCCTC,15,40
ACCAAGAATAG,15,41
ACCAAGACTCC,15,42
ACCAAGCCTTG,15,43
ACCAAGCGAGA,15,44
ACCAACTAGGT,15,45
ACCAACTCTCA,15,46
ACCAAGACCGG,15,47
AGGAACTAGCG,15,48
AGGAGGTCTCA,15,49
AGGCGGTTATA,15,50
AGAGTCTCCGA,15,51
AGATTGGCGGA,15,52
AGGAACGATCA,15,53
AGGAACTGAAC,15,54
AGGATGATTCA,15,55
AGGATTATTAC,15,56
AGAGTAACTCG,15,57
AGCAACCGACG,15,58
AGGAACGCGTC,15,59
ACGCCTCATTA,15,60
ACGTAGCCTCC,15,61
ACGTCGTTATA,15,62
ACGATATTCGA,15,63
ACGATGGCGGT,15,64
ACGCCAAGATG,15,65
ACGCCTCGTAG,15,66
ACGTCAACTCT,15,67
ACGTCAGTACT,15,68
ACGATATGAGT,15,69
ACGCAACCAAT,15,70
ACGCCAATAGT,15,71
CAACGAACTGC,16,0
CAACGCAGAAC,16,1
CAACTACGCCG,16,2
CAACCGCGCGA,16,3
CAACCGCTACG,16,4
CAACCTAAGCA,16,5
CAACGAAGATT,16,6
CAACGCATACG,16,7
CAACTAACCGA,16,8
CAACCGCCTTG,16,9
CAACCGGAACT,16,10
CAACGAACCAG,16,11
AGGTTCCTTGG,16,12
AGGTTGGCGTT,16,13
AGTAGGCGCTC,16,14
AGGTCGTACGC,16,15
AGGTCGTCGTC,16,16
AGGTTATCATA,16,17
AGGTTCGATGC,16,18
AGTACGAGATA,16,19
AGTACGGAGCA,16,20
AGGTCGCTCGG,16,21
AGGTCGTTGAA,16,22
AGGTTCCAGAT,16,23
CCAACGGAATA,16,24
CCAACTAATTC,16,25
CCAACTATATT,16,26
CCAACGACGAC,16,27
CCAACGATAAG,16,28
CCAACGCGTTC,16,29
CCAACGGCAAT,16,30
CCAACTACCTG,16,31
CCAACTAGTCA,16,32
CCAACGAATGG,16,33
CCAACGATCCT,16,34
CCAACGCTGCC,16,35
ATGGTTCTATC,16,36
ATTAGGCGGAG,16,37
ATTATATTAGG,16,38
ATGGCGTCGTT,16,39
ATGGCTCTACG,16,40
ATGGTTCCTTG,16,41
ATGGTTGAGAG,16,42
ATTAGTAGAAT,16,43
ATTATATCTCA,16,44
ATGGCCGTATG,16,45
ATGGTAGTAGC,16,46
ATGGTTCGTAT,16,47
CAACCGTACCG,16,48
CAACGAAGGCG,16,49
CAACGACGCAA,16,50
CAACCGCATCC,16,51
CAACCGCCAGC,16,52
CAACCGGCCTC,16,53
CAACCTAACGG,16,54
CAACGAATTAA,16,55
CAACGACCTCA,16,56
CAACCGATCAA,16,57
CAACCGCCGAT,16,58
CAACCGGCGGA,16,59
AGGTTAGTACG,16,60
AGGTTCGTCTC,16,61
AGGTTGGACGA,16,62
AGGTCCGTTGA,16,63
AGGTCGAAGAC,16,64
AGGTTAATATT,16,65
AGGTTATAAGT,16,66
AGGTTCTATAA,16,67
AGGTTGACTTA,16,68
AGGTAATGCTT,16,69
AGGTCGACGGT,16,70
AGGTTACGAGG,16,71
CCAAGACCGCC,17,0
CCAAGATTATG,17,1
CCAAGCATAAC,17,2
CCAACTCTCTC,17,3
CCAACTGAGCC,17,4
CCAAGAAGACC,17,5
CCAAGACGCAT,17,6
CCAAGCAACTG,17,7
CCAAGCAGCGA,17,8
CCAACTCGCAG,17,9
CCAACTGCTTA,17,10
CCAAGAAGTTG,17,11
ATTCTCGATAA,17,12
ATTGAGTATTG,17,13
ATTGATATCTA,17,14
ATTCCGAGTCC,17,15
ATTCCGGAGGT,17,16
ATTCTAGTCAT,17,17
ATTCTCTCCTG,17,18
ATTGATAGCAG,17,19
ATTGATAGTCC,17,20
ATTCCGAGCGG,17,21
ATTCGATAGCA,17,22
ATTCTCAGCCT,17,23
CAAGCTCAGCC,17,24
CAGAACCTCTA,17,25
CAGAACGCTAT,17,26
CAAGAACCTGA,17,27
CAAGAACGAAC,17,28
CAAGCAGTACT,17,29
CAAGGTAACCG,17,30
CAGAACGAGCT,17,31
CAGAACGCCTC,17,32
CAAGAACCGAT,17,33
CAAGAACGCTA,17,34
CAAGCGCGCAG,17,35
AGTCTCGGAAC,17,36
AGTTAAGTCGA,17,37
AGTTATCCAGC,17,38
AGTAGTATCTC,17,39
AGTATAGCAGA,17,40
AGTCGTTGCAG,17,41
AGTCTCTGGCT,17,42
AGTTACGCAAC,17,43
AGTTACGGCAA,17,44
AGTAGGCGGCA,17,45
AGTATATTCTC,17,46
AGTCTACCTCT,17,47
CCAACGTCTCT,17,48
CCAACTATGCG,17,49
CCAACTCCTGC,17,50
CCAACGCAGAG,17,51
CCAACGCCTAA,17,52
CCAACGGTTCG,17,53
CCAACGTTCTA,17,54
CCAACTCAACT,17,55
CCAACTCCGAT,17,56
CCAACGCAAGC,17,57
CCAACGCGACG,17,58
CCAACGTACGT,17,59
ATTAAGAACGT,17,60
ATTATCGTTCT,17,61
ATTATTCAGGT,17,62
ATGGTCTCGTA,17,63
ATGGTCTTCAA,17,64
ATGGTTGATGC,17,65
ATTAAGATGAA,17,66
ATTATCTAGAA,17,67
ATTATGGCAGC,17,68
ATGGTATCCTC,17,69
ATGGTTCCAGA,17,70
ATTAACTGGTC,17,71
CAGGACGTCTG,18,0
CATCAATCGGT,18,1
CATCCGCTCAT,18,2
CAGCAACTCTT,18,3
CAGCAATACTC,18,4
CAGCTGGACCA,18,5
CAGGAGAGGTT,18,6
CATCATTACTG,18,7
CATCCAAGTCG,18,8
CAGACGTTCTG,18,9
CAGCAGAATTA,18,10
CAGCTTGGATT,18,11
AGTTGGTTCGG,18,12
ATACCAAGAGG,18,13
ATATGCGTTAG,18,14
AGTTGACCTGG,18,15
AGTTGATAGAA,18,16
AGTTGGCAAGC,18,17
ATAACCAAGTT,18,18
ATAGTTCTCGT,18,19
ATATAGTACCT,18,20
AGTTCTGATGA,18,21
AGTTGCGAGGT,18,22
AGTTGGTCTCG,18,23
CCAAGAGACGG,18,24
CCAAGCATTCG,18,25
CCAAGCCGAGC,18,26
CCAACTTATAA,18,27
CCAACTTCGCA,18,28
CCAAGACTTCT,18,29
CCAAGATGCCG,18,30
CCAAGCCAGCT,18,31
CCAAGCCATGG,18,32
CCAACTGGCGA,18,33
CCAAGAACTAA,18,34
CCAAGAGAACT,18,35
ATTGACGCGCC,18,36
ATTGATGATTC,18,37
ATTGCGACCTA,18,38
ATTCGCGCGAA,18,39
ATTCGGCCTCA,18,40
ATTCTGCTTGA,18,41
ATTGAGAGGCA,18,42
ATTGATTGAAT,18,43
ATTGCCGAAGA,18,44
ATTCGCCGATA,18,45
ATTCTACTGAC,18,46
ATTGACCATCA,18,47
CAATCCATAGT,18,48
CAGAACGTAGA,18,49
CAGAATCTCGT,18,50
CAAGAGGCAGT,18,51
CAAGATCCGTC,18,52
CAAGTTCCTGC,18,53
CAATCGATATA,18,54
CAGAAGAGCTA,18,55
CAGAAGAGGAG,18,56
CAAGAGATATG,18,57
CAAGCAATCTG,18,58
CAATAGAATGG,18,59
AGTCTTCCAGT,18,60
AGTTATCTCCG,18,61
AGTTCGGATTC,18,62
AGTCAGCAGGC,18,63
AGTCGGTCATG,18,64
AGTCTGGCGCT,18,65
AGTCTTGCGGC,18,66
AGTTATTCGAG,18,67
AGTTCAGACTA,18,68
AGTATTATAGA,18,69
AGTCGTCAGGA,18,70
AGTCTGGCTGA,18,71
CCAAGTTCCAT,19,0
CCAATACGCGC,19,1
CCAATAGATCG,19,2
CCAAGCTATAT,19,3
CCAAGCTCAGT,19,4
CCAAGTAACCT,19,5
CCAATAACTCT,19,6
CCAATACTCTT,19,7
CCAATAGAGAA,19,8
CCAAGCTAGGA,19,9
CCAAGCTCTCA,19,10
CCAAGTCGTAA,19,11
ATTGGCATAGA,19,12
ATTGGTAGGTC,19,13
ATTGGTCCTAA,19,14
ATTGCTACGAA,19,15
ATTGCTCGATA,19,16
ATTGGAGGAAC,19,17
ATTGGCGTACG,19,18
ATTGGTATTCG,19,19
ATTGGTCAACT,19,20
ATTGCGTTCAA,19,21
ATTGCTGCTAC,19,22
ATTGGATACGG,19,23
CAGTTATACGA,19,24
CATCCTGGTTG,19,25
CATCTTCTTAA,19,26
CAGCCATCTCT,19,27
CAGCGCAATCG,19,28
CAGGCAATGAT,19,29
CAGTTGGTAAT,19,30
CATCGATAGTC,19,31
CATCGGCTTAG,19,32
CAGCATCATCA,19,33
CAGCTGATAGT,19,34
CAGGTAAGAGG,19,35
ATAACCGAAGG,19,36
ATATTGCTCGA,19,37
ATCCAGACCTT,19,38
AGTTGCGCTAA,19,39
AGTTGCTGCGT,19,40
ATAACCAGACC,19,41
ATAAGAACGGT,19,42
ATATTGGCTAA,19,43
ATCCAAGGTAC,19,44
AGTTGCGCGCG,19,45
AGTTGGATGGA,19,46
ATAACCAGTAG,19,47
CCAAGGTAGTC,19,48
CCAATAAGGCG,19,49
CCAATACCTTG,19,50
CCAAGCGCATG,19,51
CCAAGCGGTCC,19,52
CCAAGCTTGCC,19,53
CCAAGGTTGAT,19,54
CCAATAATAGT,19,55
CCAATACCAGA,19,56
CCAAGCCGGAG,19,57
CCAAGCTAACG,19,58
CCAAGGAGAGT,19,59
ATTGGAGATTG,19,60
ATTGGCGTCTT,19,61
ATTGGTAGCGA,19,62
ATTGCGGAGTA,19,63
ATTGCGGTCCG,19,64
ATTGCTTAGTT,19,65
ATTGGAGCCGA,19,66
ATTGGCTCTAT,19,67
ATTGGTAAGCA,19,68
ATTGCGCCAGA,19,69
ATTGCGTCTAG,19,70
ATTGGAGAGAT,19,71
CCAACCGATAC,20,0
CCAACCTCCTT,20,1
CCAACGAAGTT,20,2
CATTATCTTAG,20,3
CATTCTTCCAA,20,4
CCAACCATGGT,20,5
CCAACCGCCAA,20,6
CCAACCTGACT,20,7
CCAACCTTATC,20,8
CATGGTTGCTC,20,9
CATTGGCATCC,20,10
CCAACCGACCG,20,11
ATGATGACTCG,20,12
ATGCTCCTACC,20,13
ATGGCATCTTA,20,14
ATCTGGTACTG,20,15
ATCTTCAGCTA,20,16
ATGAGTTGCAA,20,17
ATGCAGTAACG,20,18
ATGGACTACCA,20,19
ATGGAGATGGC,20,20
ATCTGGCCTTG,20,21
ATCTTCTCAAC,20,22
ATGATCGTTGG,20,23
CCAATCATTGC,20,24
CCAATCTCCGC,20,25
CCAATGATACC,20,26
CCAATAGGAAG,20,27
CCAATAGTTAT,20,28
CCAATCAGTTA,20,29
CCAATCCATAA,20,30
CCAATCTTCCG,20,31
CCAATGACCAG,20,32
CCAATAGCATT,20,33
CCAATATAGCT,20,34
CCAATCATCAA,20,35
CAACCAGGATC,20,36
CAACCATGAGG,20,37
CAACCGAAGAC,20,38
CAACCAACTTA,20,39
CAACCAAGTAC,20,40
CAACCAGCCGT,20,41
CAACCAGGCAG,20,42
CAACCATGCTT,20,43
CAACCGAACTT,20,44
ATTGGTTAATG,20,45
CAACCAATAGA,20,46
CAACCAGCGCC,20,47
CCAACCAGCAT,20,48
CCAACCGCGTC,20,49
CCAACCTCAAG,20,50
CATGCAGTCGT,20,51
CATGCGCATCA,20,52
CCAACCAACGC,20,53
CCAACCAGGCC,20,54
CCAACCGCTGG,20,55
CCAACCTATTG,20,56
CATGAAGTATG,20,57
CATGCGTTATA,20,58
CCAACCAAGAA,20,59
ATGAACCTCGT,20,60
ATGCATCGGAT,20,61
ATGCGGTACTA,20,62
ATCCTTAAGGA,20,63
ATCGGTAGCTT,20,64
ATCTTCTCTTA,20,65
ATGAAGCTGAG,20,66
ATGCCTGACCA,20,67
ATGCGGAGTAC,20,68
ATCCGGATGAA,20,69
ATCGGTCTGCC,20,70
ATCTTGGACCT,20,71
CCGTCTAGCTG,21,0
CCGTTGGTATC,21,1
CCTAACTTCAT,21,2
CCGTAGCTACC,21,3
CCGTATGGAAT,21,4
CCGTCCTCAGT,21,5
CCGTCTGCGAA,21,6
CCTAACCTATA,21,7
CCTAACTAATT,21,8
CCGTAGATTAG,21,9
CCGTATTCGGT,21,10
CCGTCTACGGC,21,11
CCATAGCGTAG,21,12
CCATATCAGGC,21,13
CCATATGGCGC,21,14
CCATACCATTC,21,15
CCATACCGCCT,21,16
CCATACTGCGG,21,17
CCATATAAGCG,21,18
CCATATCTCGG,21,19
CCATATGAAGA,21,20
CCATAATCGTC,21,21
CCATACCGGAC,21,22
CCATAGCCTCA,21,23
CCGAGAACGCG,21,24
CCGATACGTCA,21,25
CCGATATACCG,21,26
CCGACGAACTA,21,27
CCGACGCGAGT,21,28
CCGACTGGTAA,21,29
CCGAGACTATA,21,30
CCGATAGGACT,21,31
CCGATAGTCTC,21,32
CCGACCTTAAT,21,33
CCGACGCTCAA,21,34
CCGACTTCTAT,21,35
CCAGAACTGAC,21,36
CCAGAATGGTT,21,37
CCAGACCGAAG,21,38
CCAATGGCTCC,21,39
CCAATTAAGAT,21,40
CCAGAACCATT,21,41
CCAGAAGACTC,21,42
CCAGACCAACC,21,43
CCAGACCATAT,21,44
CCAATGGACTC,21,45
CCAATTCGACC,21,46
CCAGAACTCGT,21,47
CCAATCGCAAC,21,48
CCAATGCCGCA,21,49
CCAATGCTTAG,21,50
CCAATATCGAC,21,51
CCAATATGCAA,21,52
CCAATCCGATT,21,53
CCAATCGGCTG,21,54
CCAATGCTATA,21,55
CCAATGCTGGT,21,56
CCAATATATTA,21,57
CCAATATTGGA,21,58
CCAATCGACGA,21,59
CAACCATATAT,21,60
CAACCGAATGA,21,61
CAACCGAGTCT,21,62
CAACCAATGAG,21,63
CAACCAGAGAA,21,64
CAACCAGTTGC,21,65
CAACCATCAAC,21,66
CAACCGACGCG,21,67
CAACCGAGAAG,21,68
CAACCAATCCT,21,69
CAACCAGATCG,21,70
CAACCATACGA,21,71
CCGCAGTAGCA,22,0
CCGCATTATCC,22,1
CCGCCAAGAAT,22,2
CCGCAACCGTT,22,3
CCGCAACTAGG,22,4
CCGCAGGCCGG,22,5
CCGCAGTCGGC,22,6
CCGCATTCCTG,22,7
CCGCCAACCTT,22,8
CCGATTCGGTT,22,9
CCGCAAGCGCA,22,10
CCGCAGGTAAG,22,11
CCAGCAGCTTG,22,12
CCAGCCAGTAC,22,13
CCAGCCGTATG,22,14
CCAGAGGAGAC,22,15
CCAGAGTTATA,22,16
CCAGCAATAAT,22,17
CCAGCAGTCTT,22,18
CCAGCCGCGCA,22,19
CCAGCCGGAGC,22,20
CCAGAGCCAAC,22,21
CCAGATCCTAA,22,22
CCAGCAGAAGG,22,23
CCGTTCCATGG,22,24
CCTAAGTCCTC,22,25
CCTAATTCTTA,22,26
CCGTCCATCCT,22,27
CCGTCCGTCGA,22,28
CCGTTACCTCG,22,29
CCGTTCGAAGC,22,30
CCTAATGCATG,22,31
CCTAATTCAGT,22,32
CCGTCATTGCG,22,33
CCGTCCTATGC,22,34
CCGTTATCTAT,22,35
CCATATAGATA,22,36
CCATATTACTC,22,37
CCATCAATCGT,22,38
CCATACGAGAA,22,39
CCATACGTCAG,22,40
CCATATACCTT,22,41
CCATATAGTAT,22,42
CCATCAACTGC,22,43
CCATCAATACC,22,44
CCATACCTTCG,22,45
CCATACTCTCC,22,46
CCATATACGAC,22,47
CCGAGCTTCTA,22,48
CCGATCCTGGC,22,49
CCGATGCTGCG,22,50
CCGACTAAGCA,22,51
CCGACTACCAA,22,52
CCGAGAGTCCT,22,53
CCGAGGATAGC,22,54
CCGATCGCTTC,22,55
CCGATGAGAGA,22,56
CCGACGTTGAG,22,57
CCGACTACGTT,22,58
CCGAGCGAGCG,22,59
CCAGAATCAGC,22,60
CCAGACTAAGG,22,61
CCAGAGAGGAG,22,62
CCAATTGATGC,22,63
CCAATTGCCGT,22,64
CCAGAAGATAG,22,65
CCAGAATCCTG,22,66
CCAGACTACTT,22,67
CCAGAGACGCT,22,68
CCAATTCTTGA,22,69
CCAATTGCTAG,22,70
CCAGAATAACT,22,71
CCTAGCTTGAG,23,0
CCTATCTCGAA,23,1
CCTATTGGAGG,23,2
CCTACGGCCAG,23,3
CCTACGTCATG,23,4
CCTAGATAATA,23,5
CCTAGGACCAA,23,6
CCTATTCATAT,23,7
CCTATTGAATT,23,8
CCTACGCTTGA,23,9
CCTACTATGAC,23,10
CCTAGATTAAT,23,11
CCATCGGAGTC,23,12
CCATCTCGCTT,23,13
CCATCTGCAGC,23,14
CCATCCGCATA,23,15
CCATCCGGCGT,23,16
CCATCGCATAC,23,17
CCATCGTTAAC,23,18
CCATCTGAGAT,23,19
CCATCTGATGG,23,20
CCATCCATGAC,23,21
CCATCCGTTAA,23,22
CCATCGCTATG,23,23
CCGCATGATAA,23,24
CCGCCAAGGCG,23,25
CCGCCATAGGC,23,26
CCGCAGATCGT,23,27
CCGCAGCATAC,23,28
CCGCATCATTG,23,29
CCGCATTAATT,23,30
CCGCCAAGTTC,23,31
CCGCCATAATG,23,32
CCGCAAGCTTC,23,33
CCGCAGGACTA,23,34
CCGCATCGAGT,23,35
CCAGCATGCTA,23,36
CCAGCCTCCGG,23,37
CCAGCCTTGCG,23,38
CCAGATTGCAA,23,39
CCAGCAACGAG,23,40
CCAGCATCGCT,23,41
CCAGCATTCGC,23,42
CCAGCCTCTAA,23,43
CCAGCCTTAGA,23,44
CCAGATTCGCC,23,45
CCAGCAAGGTC,23,46
CCAGCATGAAG,23,47
CCTAGAGCTTG,23,48
CCTAGTCGTCT,23,49
CCTATCGTTGA,23,50
CCTACCTTCCA,23,51
CCTACGAGGCA,23,52
CCTACTTGAAG,23,53
CCTAGAGTCTA,23,54
CCTATCATGCG,23,55
CCTATCCGGTA,23,56
CCTAATTGCTG,23,57
CCTACGCGATA,23,58
CCTAGACCTAT,23,59
CCATCGACGGA,23,60
CCATCGTTGGT,23,61
CCATCTCATCA,23,62
CCATCAGATTA,23,63
CCATCAGCGCG,23,64
CCATCCTAGCC,23,65
CCATCGACTAT,23,66
CCATCTAACTA,23,67
CCATCTCAATC,23,68
CCATCAATTAG,23,69
CCATCCAGGTT,23,70
CCATCCTTCTG,23,71
CCGCGCTCTTC,24,0
CCGCTAGTAGA,24,1
CCGCTTAGACG,24,2
CCGCCTCAGTC,24,3
CCGCCTCGCTA,24,4
CCGCGATTGAT,24,5
CCGCGTCGGCG,24,6
CCGCTCGCCTA,24,7
CCGCTCGGCGT,24,8
CCGCCGTTCGC,24,9
CCGCCTGCAGT,24,10
CCGCGCATCAA,24,11
CCAGGAACGTT,24,12
CCAGGCCGCAA,24,13
CCAGGCTTAAG,24,14
CCAGCGCGTCA,24,15
CCAGCGTTACT,24,16
CCAGCTCTCCA,24,17
CCAGGACTTAG,24,18
CCAGGCCGTTG,24,19
CCAGGCTCATC,24,20
CCAGCGCGGAC,24,21
CCAGCTAAGCT,24,22
CCAGCTCTGGC,24,23
CCTCAGTCAAG,24,24
CCTCATCGTAA,24,25
CCTCCAACCGA,24,26
CCTCAACTCCG,24,27
CCTCAAGAATC,24,28
CCTCAGGAGAG,24,29
CCTCAGTTCAA,24,30
CCTCATTATAG,24,31
CCTCATTCATC,24,32
CCTCAACCTGA,24,33
CCTCAAGCTAG,24,34
CCTCAGTACGC,24,35
CCATGGACCGG,24,36
CCATTACGCAG,24,37
CCATTATCAAG,24,38
CCATCTTCAAT,24,39
CCATCTTGATG,24,40
CCATGCGCGAC,24,41
CCATGGACGTC,24,42
CCATTAGACTG,24,43
CCATTAGAGCC,24,44
CCATCTTACCT,24,45
CCATGAAGCCA,24,46
CCATGCTGCTT,24,47
CCGCCTTGCAT,24,48
CCGCGTCTCCT,24,49
CCGCTAGACTT,24,50
CCGCCGAAGAT,24,51
CCGCCGATCTG,24,52
CCGCCTGGAAG,24,53
CCGCGATCATA,24,54
CCGCTAATTAA,24,55
CCGCTACTGGT,24,56
CCGCCATGCCA,24,57
CCGCCGGTCCA,24,58
CCGCCTTCGAC,24,59
CCAGCTCCATA,24,60
CCAGGAGACCA,24,61
CCAGGCCAGTC,24,62
CCAGCGATAGC,24,63
CCAGCGCAGTA,24,64
CCAGCTAATAG,24,65
CCAGCTCTAAG,24,66
CCAGGCAATCA,24,67
CCAGGCCAAGA,24,68
CCAGCGAACGA,24,69
CCAGCGCCAGT,24,70
CCAGCTAGCGG,24,71
CCTCCTGGACT,25,0
CCTCGCATATG,25,1
CCTCGCTGCAA,25,2
CCTCCGAGGAC,25,3
CCTCCGCATAG,25,4
CCTCCTAGGTA,25,5
CCTCCTGGCAA,25,6
CCTCGCCATTG,25,7
CCTCGCTCGTA,25,8
CCTCCGAAGGA,25,9
CCTCCGCCTGC,25,10
CCTCCTCTGCA,25,11
CCGAACCAGAT,25,12
CCGAACTCTAC,25,13
CCGAATACTTC,25,14
CCATTCCTTAC,25,15
CCATTCGCTCA,25,16
CCATTGGTTGG,25,17
CCGAACCGGTC,25,18
CCGAACTGGAG,25,19
CCGAAGTAATA,25,20
CCATTCATACG,25,21
CCATTCGTCTA,25,22
CCGAACCAAGC,25,23
CCGGCTCGACC,25,24
CCGGTCCAGAG,25,25
CCGGTTGACGG,25,26
CCGCTTATATT,25,27
CCGCTTCAGCA,25,28
CCGGCGGCGGA,25,29
CCGGCTGGATT,25,30
CCGGTCTACGA,25,31
CCGGTTCTGCC,25,32
CCGCTTAGTAT,25,33
CCGCTTGCGCT,25,34
CCGGCTCATAA,25,35
CCAGTCCTGAT,25,36
CCATAACGCTC,25,37
CCATAAGCCGG,25,38
CCAGGTATCAA,25,39
CCAGGTCAACG,25,40
CCAGTATTGAG,25,41
CCAGTCTAGAA,25,42
CCATAACTTAA,25,43
CCATAAGAGTT,25,44
CCAGGTACTGA,25,45
CCAGTAATCCG,25,46
CCAGTCATTCT,25,47
CCTCATATGAG,25,48
CCTCCAACTCC,25,49
CCTCCATAAGT,25,50
CCTCAGAACCG,25,51
CCTCAGCAATT,25,52
CCTCATAACTA,25,53
CCTCATCAGCG,25,54
CCTCCAATAAG,25,55
CCTCCAGCGTT,25,56
CCTCAATGGTC,25,57
CCTCAGCGGCA,25,58
CCTCATACCGG,25,59
CCATGGTACCG,25,60
CCATTATCGGT,25,61
CCATTCAGAGT,25,62
CCATGACTCTA,25,63
CCATGATGACT,25,64
CCATGGCCAGC,25,65
CCATTAACGTA,25,66
CCATTATTCGG,25,67
CCATTCAATAG,25,68
CCATGAAGGAC,25,69
CCATGCAACGT,25,70
CCATGGCCGAA,25,71
CGCTGGCGTCG,26,0
CGGACGATACT,26,1
CGGAGCTTACC,26,2
CGCGGCAGCCG,26,3
CGCGTAAGTCA,26,4
CGCTCGCCGCG,26,5
CGCTTAGGCCT,26,6
CGGAGAGGACC,26,7
CGGAGATGGAC,26,8
CGCGCGCAGCC,26,9
CGCGTTGATCG,26,10
CGCTCGTACGT,26,11
CCTCTCAGTAA,26,12
CCTCTCTACTA,26,13
CCTCTGATTAG,26,14
CCTCTAAGGAG,26,15
CCTCTAATATC,26,16
CCTCTATTGCC,26,17
CCTCTCCATGA,26,18
CCTCTCTCATT,26,19
CCTCTGATACT,26,20
CCTCGTCTAGA,26,21
CCTCTACCAGG,26,22
CCTCTCAGCTG,26,23
CCTCGAGAGGA,26,24
CCTCGGAGCTA,26,25
CCTCGTATTCG,26,26
CCTCCGGTATG,26,27
CCTCCGTCGCG,26,28
CCTCCTTAACG,26,29
CCTCGATACTG,26,30
CCTCGGTCTAT,26,31
CCTCGTACTAA,26,32
CCTCCGCTGGT,26,33
CCTCCTACTTG,26,34
CCTCGACGAGT,26,35
CCGAACGGTTA,26,36
CCGAATATACG,26,37
CCGACCTACCT,26,38
CCATTGACGCG,26,39
CCATTGATTAA,26,40
CCGAACGATGG,26,41
CCGAACGTCGT,26,42
CCGAATCCGGC,26,43
CCGAATTAGCG,26,44
CCATTCTGAAC,26,45
CCATTGCATTG,26,46
CCGAACGGAAC,26,47
CCGGTATGATT,26,48
CCGGTTGCATA,26,49
CCGTAATAAGC,26,50
CCGGAGATAGG,26,51
CCGGATTACTA,26,52
CCGGTACGGCG,26,53
CCGGTCATCTA,26,54
CCGTAACCAGA,26,55
CCGTAACTATT,26,56
CCGGACGCCGC,26,57
CCGGCCTGCAG,26,58
CCGGTATCCAA,26,59
CCATAACCGAG,26,60
CCATAAGGATG,26,61
CCATAATCCAT,26,62
CCAGTACGATA,26,63
CCAGTAGACGT,26,64
CCAGTTAGGTA,26,65
CCATAACGAAT,26,66
CCATAAGTCCA,26,67
CCATAATATCG,26,68
CCAGTACCTAT,26,69
CCAGTATAAGA,26,70
CCAGTTCAGGA,26,71
CGTAACCTCTT,27,0
CGTAGCTCGGT,27,1
CGTAGGCGACC,27,2
CGGTTCGTTAA,27,3
CGGTTCTAAGG,27,4
CGGTTGCTATT,27,5
CGTAACGCTCC,27,6
CGTAGGAAGCC,27,7
CGTAGGCAATA,27,8
CGGTTCATGGT,27,9
CGGTTGAGACG,27,10
CGGTTGGTAGA,27,11
CGACCTTGGTA,27,12
CGACTCAACTG,27,13
CGACTCTCGAC,27,14
CGACCATCGAA,27,15
CGACCGACTAG,27,16
CGACCTGGCTT,27,17
CGACGACTGCT,27,18
CGACTCCTTGG,27,19
CGACTCGGTCG,27,20
CGACCAGCTAT,27,21
CGACCGATCGT,27,22
CGACCTTCATC,27,23
CGGAACGAGTA,27,24
CGGAGGATTAT,27,25
CGGAGGTCGTA,27,26
CGCTATCCGGA,27,27
CGCTCCGAACC,27,28
CGCTTCTCATT,27,29
CGGAAGGCTTG,27,30
CGGAGGCTGCC,27,31
CGGAGGCTTGG,27,32
CGCTAGACGCA,27,33
CGCTCCTAATA,27,34
CGCTTCTGCTC,27,35
CCTCTCGCGGA,27,36
CCTCTGCAACG,27,37
CCTCTTAGGCT,27,38
CCTCTAGCCTG,27,39
CCTCTATAGAT,27,40
CCTCTCCGCAT,27,41
CCTCTCGTCTT,27,42
CCTCTTAATCA,27,43
CCTCTTACCTT,27,44
CCTCTACTAAT,27,45
CCTCTATGAGA,27,46
CCTCTCCTAGC,27,47
CGGTTGCGGAA,27,48
CGTAGAACTCG,27,49
CGTAGCAGTTA,27,50
CGGTTATCAAC,27,51
CGGTTATTCCT,27,52
CGGTTGATTGC,27,53
CGGTTGCGTTG,27,54
CGTAGAGGTAC,27,55
CGTAGAGTAGG,27,56
CGGTTATAGCA,27,57
CGGTTCAACTT,27,58
CGGTTGCCAGC,27,59
CGACCTCTTGA,27,60
CGACGTCCGTT,27,61
CGACTATAGTT,27,62
CGAAGTTGATA,27,63
CGAATCGCGGC,27,64
CGACCTATTCT,27,65
CGACCTGAGGT,27,66
CGACTAAGGTC,27,67
CGACTAGATTG,27,68
CGAAGTCTAAG,27,69
CGAATCTAATT,27,70
CGACCTCATCG,27,71
CGGCCAGACCA,28,0
CGGCGCGTATT,28,1
CGGCGTAGATT,28,2
CGGATATCGAA,28,3
CGGATGCCGTT,28,4
CGGCAATTGGT,28,5
CGGCCTGAACC,28,6
CGGCGGAGCCA,28,7
CGGCGGTAAGT,28,8
CGGAGTTCAGC,28,9
CGGATGCGTAC,28,10
CGGCAGTTGCG,28,11
CCTGCCTCTTG,28,12
CCTGGAACCGC,28,13
CCTGGCCTTCA,28,14
CCTGACTTACT,28,15
CCTGACTTCGA,28,16
CCTGCCGAATT,28,17
CCTGCCTGCTT,28,18
CCTGGAAGTTA,28,19
CCTGGCAAGTT,28,20
CCTGACTGATC,28,21
CCTGATCTATT,28,22
CCTGCCGATCG,28,23
CGTATGGATAA,28,24
CGTCAGCTCTG,28,25
CGTCCGGTTGC,28,26
CGTAGGTCATC,28,27
CGTAGGTTGAC,28,28
CGTATCTCTAC,28,29
CGTATTAGCTC,28,30
CGTCCAGCTTA,28,31
CGTCCGAAGAG,28,32
CGTAGGTAGTT,28,33
CGTAGTATAAT,28,34
CGTATGCGAAT,28,35
CGAGGTTATAG,28,36
CGATAGGTTAG,28,37
CGATCAAGAAC,28,38
CGACTGCCAAG,28,39
CGACTTAATAG,28,40
CGAGCATATTG,28,41
CGAGGTTGAGT,28,42
CGATATAACCT,28,43
CGATATACGGT,28,44
CGACTGAAGGA,28,45
CGACTTATCTT,28,46
CGAGCGTAGCA,28,47
CGGATTAATAT,28,48
CGGCGAAGTTG,28,49
CGGCGCGGCGA,28,50
CGGAGTACGAC,28,51
CGGAGTCTCTG,28,52
CGGATGGTACC,28,53
CGGATTGCTGA,28,54
CGGCGAGTTCA,28,55
CGGCGATCTAA,28,56
CGGAGTAACTA,28,57
CGGAGTCTTCA,28,58
CGGATGGTTAG,28,59
CCTGCAATTAC,28,60
CCTGCGCCGTT,28,61
CCTGCTCCGAA,28,62
CCTCTTGCTCG,28,63
CCTGAAGTCAA,28,64
CCTGATGCTAT,28,65
CCTGCATCGTA,28,66
CCTGCGGTTCA,28,67
CCTGCTATCGA,28,68
CCTCTTCTCGG,28,69
CCTGAATAGCA,28,70
CCTGCAATGCA,28,71
CGTCTGCTGAC,29,0
CGTTAATCGTA,29,1
CGTTAGAATAG,29,2
CGTCGGTCGAG,29,3
CGTCGTAACTG,29,4
CGTCTCGTAGG,29,5
CGTCTGGCTCC,29,6
CGTTAATCTCT,29,7
CGTTACGCATG,29,8
CGTCGGTACCA,29,9
CGTCGTATCGT,29,10
CGTCTCTGAGT,29,11
CGCAACTCCGG,29,12
CGCAATGCGCC,29,13
CGCAGTACTCA,29,14
CGATTAAGATT,29,15
CGATTAGAAGC,29,16
CGATTGGTAAC,29,17
CGCAACTCTAT,29,18
CGCAGAGAGCA,29,19
CGCAGCTTAGA,29,20
CGATGGTAATA,29,21
CGATTCCTATG,29,22
CGCAACCTTGA,29,23
CGGCTTATGGC,29,24
CGGTAGATTCA,29,25
CGGTATATCGA,29,26
CGGCGTCTTAC,29,27
CGGCGTTACCG,29,28
CGGCTGGAGGT,29,29
CGGCTTGAGTC,29,30
CGGTAGTCTAT,29,31
CGGTAGTTATG,29,32
CGGCGTCCTGA,29,33
CGGCTCAGATC,29,34
CGGCTGGCGCG,29,35
CCTTACGCGCA,29,36
CCTTCAAGTCA,29,37
CCTTCAGTATT,29,38
CCTGGTACCTA,29,39
CCTGGTCGGTA,29,40
CCTTAATTAGG,29,41
CCTTACGGACT,29,42
CCTTCAATCTG,29,43
CCTTCAGCTCT,29,44
CCTGGCTACCG,29,45
CCTGGTTCGAT,29,46
CCTTACCAGCC,29,47
CGTATTCGAGA,29,48
CGTCCTCAGCT,29,49
CGTCGGAGGTC,29,50
CGTAGTTACGT,29,51
CGTATAGTATC,29,52
CGTATTATTAA,29,53
CGTCAAGTCCA,29,54
CGTCGATCGTT,29,55
CGTCGCTGCTG,29,56
CGTAGTCGGTC,29,57
CGTATCATGGA,29,58
CGTATTCATCA,29,59
CGATACTGCAA,29,60
CGATCCGACGC,29,61
CGATGCGTCCT,29,62
CGAGATCGCAG,29,63
CGAGCAGCAAG,29,64
CGAGTAACTTC,29,65
CGATAGAGTCG,29,66
CGATCTTCGAC,29,67
CGATGATGAGC,29,68
CGAGACTGACT,29,69
CGAGCAGTTGG,29,70
CGAGTTGAGAC,29,71
CGGTCCTGCTA,30,0
CGGTCTAGTCG,30,1
CGGTCTTCCAG,30,2
CGGTATGCGCA,30,3
CGGTATTAACC,30,4
CGGTCAGTATA,30,5
CGGTCGACGCC,30,6
CGGTCTCGCCA,30,7
CGGTCTGGAGC,30,8
CGGTATGCCGG,30,9
CGGTATTATTG,30,10
CGGTCCGTCCG,30,11
CGAACCGAGAG,30,12
CGAACTAACGT,30,13
CGAAGACCGGT,30,14
CCTTCTATTCT,30,15
CCTTCTCCGGT,30,16
CGAACCAGTCG,30,17
CGAACCGGATT,30,18
CGAACTTACTG,30,19
CGAAGAATCCA,30,20
CCTTCGATTGC,30,21
CCTTCTGAAGT,30,22
CGAACCATCGA,30,23
CGTCTTCCATA,30,24
CGTTAGATACC,30,25
CGTTAGCGGTC,30,26
CGTCTATACCG,30,27
CGTCTATTCTT,30,28
CGTCTTAAGCG,30,29
CGTCTTGCAAG,30,30
CGTTAGATCGG,30,31
CGTTAGCGCAT,30,32
CGTCGTTCTCA,30,33
CGTCTCAATTA,30,34
CGTCTTACTTC,30,35
CGCAAGGACTA,30,36
CGCAGTAGTTG,30,37
CGCATTCGCTT,30,38
CGATTCTAGAT,30,39
CGATTGAGGTA,30,40
CGCAACTGATC,30,41
CGCAATCCGAT,30,42
CGCAGTTGCGG,30,43
CGCATCTGCAT,30,44
CGATTCGCTTC,30,45
CGATTGCTGGC,30,46
CGCAAGCGATT,30,47
CGGTAGAACCG,30,48
CGGTATATGCT,30,49
CGGTATGAGAC,30,50
CGGCTCGGTAC,30,51
CGGCTGCGCGC,30,52
CGGCTTGGAGG,30,53
CGGTAGAGGAC,30,54
CGGTATCCTGC,30,55
CGGTATCTTAA,30,56
CGGCTCGCTCA,30,57
CGGCTGCGTCA,30,58
CGGTAACTACG,30,59
CCTTATCCTCG,30,60
CCTTCATGACG,30,61
CCTTCGATCCA,30,62
CCTTAAGCATA,30,63
CCTTAAGTTGA,30,64
CCTTACTATGA,30,65
CCTTCAACGAA,30,66
CCTTCCAACGG,30,67
CCTTCCTGCGC,30,68
CCTGGTTGCAG,30,69
CCTTAATACTT,30,70
CCTTATACGTA,30,71
CGTTCATGGAC,31,0
CGTTCGGTCAA,31,1
CGTTCTGCAAT,31,2
CGTTATATCAT,31,3
CGTTATCCTTA,31,4
CGTTCAGGCGG,31,5
CGTTCCAGATG,31,6
CGTTCTATGAA,31,7
CGTTCTCGCTC,31,8
CGTTATAGCGC,31,9
CGTTATCGGCT,31,10
CGTTCATGCTT,31,11
CGCCTAAGACG,31,12
CGCGAGAGATA,31,13
CGCGCCGGATA,31,14
CGCCAAGCTGC,31,15
CGCCAAGTAAG,31,16
CGCCATTGCCG,31,17
CGCCTAATCAA,31,18
CGCGCCGACTT,31,19
CGCGCCGATAG,31,20
CGCCAAGAGGT,31,21
CGCCAATACCA,31,22
CGCCGCCATCG,31,23
CGGTCTAAGGT,31,24
CGGTCTTCTTC,31,25
CGGTTAGCCTA,31,26
CGGTCAAGTTA,31,27
CGGTCAATCTT,31,28
CGGTCGGACTC,31,29
CGGTCTAGGTC,31,30
CGGTTAATGAG,31,31
CGGTTAGAGAT,31,32
CGGTATTCATA,31,33
CGGTCAATTCC,31,34
CGGTCGTTAGT,31,35
CGAACCTGAAC,31,36
CGAAGAGCCTA,31,37
CGAAGGTTGCA,31,38
CCTTGATCATT,31,39
CCTTGCCTATT,31,40
CGAACCGTACG,31,41
CGAACGTATTA,31,42
CGAAGCCATCC,31,43
CGAAGGTAAGG,31,44
CCTTCTTATTA,31,45
CCTTGCTCAAC,31,46
CGAACCGTCAT,31,47
CGTTATGCTAC,31,48
CGTTCGATAGA,31,49
CGTTCGGTATC,31,50
CGTTAGGATTA,31,51
CGTTAGTCAGC,31,52
CGTTATCTAGG,31,53
CGTTCAGGACC,31,54
CGTTCGCTTAT,31,55
CGTTCGGCCGC,31,56
CGTTAGCGTCA,31,57
CGTTAGTTCTA,31,58
CGTTATGAACT,31,59
CGCCATCAACT,31,60
CGCCTATAATC,31,61
CGCCTTGACTA,31,62
CGCCAACCTCG,31,63
CGCCAACTCGG,31,64
CGCCAATTATA,31,65
CGCCATCAGAG,31,66
CGCCTCAATCC,31,67
CGCCTCAGGAG,31,68
CGCATTCTGGT,31,69
CGCCAACTTAA,31,70
CGCCATAGGAT,31,71
CTGGCTGGTTG,32,0
CTGGTACTGGC,32,1
CTGGTATGAGC,32,2
CTGGCGGCATA,32,3
CTGGCGTTAGA,32,4
CTGGCTGCGAG,32,5
CTGGCTTAACT,32,6
CTGGTAGGCGG,32,7
CTGGTAGTATA,32,8
CTGGCGCATTA,32,9
CTGGCTAAGAA,32,10
CTGGCTGGCGT,32,11
CGTTGCCGCGG,32,12
CGTTGGCCTGA,32,13
CTAACCATTCA,32,14
CGTTGAGACCA,32,15
CGTTGAGATGC,32,16
CGTTGCATTGC,32,17
CGTTGCGCCGT,32,18
CGTTGGCTCTT,32,19
CGTTGGTACTG,32,20
CGTTGACTATG,32,21
CGTTGAGTTCG,32,22
CGTTGCCGAAC,32,23
CTTGCATGCGT,32,24
CTTGCGATAGG,32,25
CTTGCGTCCTT,32,26
CTTGATATGAA,32,27
CTTGATCAGGC,32,28
CTTGATTGGTA,32,29
CTTGCCGGACC,32,30
CTTGCGCTGCT,32,31
CTTGCGGATCT,32,32
CTTGAGTTACC,32,33
CTTGATCGACT,32,34
CTTGCAGCGCT,32,35
CTCGAGGCGTA,32,36
CTCGGTCTGGA,32,37
CTCGTATCGCA,32,38
CTCCTGATGAT,32,39
CTCCTGGCTCG,32,40
CTCGACTGATA,32,41
CTCGCAGTAAT,32,42
CTCGGTTCGCT,32,43
CTCGTACTGCT,32,44
CTCCTCTATGA,32,45
CTCCTTACCAT,32,46
CTCGAGCTGAA,32,47
CTGGCTCTCTG,32,48
CTGGCTTGGAC,32,49
CTGGTACGTCT,32,50
CTGGCCGGTCA,32,51
CTGGCCTTATT,32,52
CTGGCTACTTA,32,53
CTGGCTCTTCC,32,54
CTGGTAACTCA,32,55
CTGGTAATCAG,32,56
CTGGCCAGGTC,32,57
CTGGCGACTCC,32,58
CTGGCTAGACG,32,59
CGTTGCAAGAC,32,60
CGTTGCTGGAT,32,61
CGTTGGAGCAG,32,62
CGTTGAAGTAT,32,63
CGTTGAATCGA,32,64
CGTTGATAATC,32,65
CGTTGCATGCA,32,66
CGTTGGAACGT,32,67
CGTTGGAGACT,32,68
CGTTGAACGAG,32,69
CGTTGACCAGC,32,70
CGTTGATTGGC,32,71
CTTGGAGCATC,33,0
CTTGGCGAGCG,33,1
CTTGGCTTCGG,33,2
CTTGCTCGAAC,33,3
CTTGCTGAGGT,33,4
CTTGGACTCGC,33,5
CTTGGATAACT,33,6
CTTGGCGCTCC,33,7
CTTGGCGGCAG,33,8
CTTGCTCCAGG,33,9
CTTGCTGCCGA,33,10
CTTGGAGATAA,33,11
CTCTCTAAGTC,33,12
CTCTGGACTTC,33,13
CTCTGGTTCCT,33,14
CTCTAAGTCAA,33,15
CTCTACCGTTC,33,16
CTCTCCGGAAC,33,17
CTCTCTGGCAG,33,18
CTCTGGCCATT,33,19
CTCTGGTATCA,33,20
CTCTAAGGTCG,33,21
CTCTACCTTCT,33,22
CTCTCGCTGCC,33,23
CTGGTTCTGAA,33,24
CTTAGCGAGTC,33,25
CTTAGTATGGT,33,26
CTGGTCCGTAC,33,27
CTGGTCGAACC,33,28
CTGGTTATAAC,33,29
CTGGTTGCGCC,33,30
CTTAGGACGCA,33,31
CTTAGGTCTTG,33,32
CTGGTCCGATT,33,33
CTGGTCGTCAT,33,34
CTGGTTCATTC,33,35
CTACGTCTGCA,33,36
CTAGCTCAAGA,33,37
CTAGGTATGCG,33,38
CTAAGTTCGAA,33,39
CTAATACCGTT,33,40
CTACGATATTC,33,41
CTACTAGACGA,33,42
CTAGCTCCTAT,33,43
CTAGCTGCATT,33,44
CTAACGGTCAA,33,45
CTAATCTTAAG,33,46
CTACGCGAGCA,33,47
CTTGCCTTCAT,33,48
CTTGCGTCGCA,33,49
CTTGCTCAATT,33,50
CTTGATGACCA,33,51
CTTGATTATGA,33,52
CTTGCCTAGGA,33,53
CTTGCGAGGAG,33,54
CTTGCTAACCG,33,55
CTTGCTATAAT,33,56
CTTGATCTCGA,33,57
CTTGATTCATG,33,58
CTTGCCTCTAC,33,59
CTCGGCTCCGC,33,60
CTCGTCTTACC,33,61
CTCTAACTAGA,33,62
CTCCTTATTAG,33,63
CTCCTTCTCGC,33,64
CTCGCATACGG,33,65
CTCGGTAGAGA,33,66
CTCGTTATACT,33,67
CTCTAACGGAC,33,68
CTCCTTAGCTG,33,69
CTCCTTGCTTA,33,70
CTCGGCTATCG,33,71
CTTCATTCCAT,34,0
CTTCCGCTCGC,34,1
CTTCCTTGGAT,34,2
CTTATTAACGC,34,3
CTTCAAGTCTG,34,4
CTTCATGCTCC,34,5
CTTCCAGTTGA,34,6
CTTCCTGAAGA,34,7
CTTCCTGCTAA,34,8
CTTATGAGACC,34,9
CTTCAGAATGG,34,10
CTTCATGGTAG,34,11
CTCAGGCCTCG,34,12
CTCCAGACGCC,34,13
CTCCAGCCTTC,34,14
CTATCTTAGAA,34,15
CTATGAAGGTT,34,16
CTCAACCTAAG,34,17
CTCATCCTAGC,34,18
CTCCAGACTGA,34,19
CTCCAGATCAG,34,20
CTATCGTCCAG,34,21
CTATGACCTAA,34,22
CTCAATCGATA,34,23
CTTGGCCTGGT,34,24
CTTGGCTTGAC,34,25
CTTGGTTCAGC,34,26
CTTGGAAGGAT,34,27
CTTGGACGAGA,34,28
CTTGGATCGAA,34,29
CTTGGCGACGA,34,30
CTTGGTAATAG,34,31
CTTGGTATATC,34,32
CTTGCTTCTCT,34,33
CTTGGACTAAT,34,34
CTTGGCCGGCA,34,35
CTCTGCCTTGG,34,36
CTCTTGCTACT,34,37
CTCTTGGTAGC,34,38
CTCTATCTCAG,34,39
CTCTATCTGGT,34,40
CTCTCTGGTTA,34,41
CTCTGCTGCAG,34,42
CTCTTGGAGGT,34,43
CTCTTGGCCTA,34,44
CTCTACGATTA,34,45
CTCTCCGACGG,34,46
CTCTCTTCGGA,34,47
CTTACCAATTA,34,48
CTTAGTCGAGG,34,49
CTTATATGCGC,34,50
CTGGTCTGGAG,34,51
CTGGTTAACTG,34,52
CTGGTTGCTGG,34,53
CTTACGGTACG,34,54
CTTATAATCCG,34,55
CTTATAGGCTA,34,56
CTGGTCTATTG,34,57
CTGGTTAGTAG,34,58
CTGGTTGGAAT,34,59
CTAGCAAGTCA,34,60
CTAGGTTCTCA,34,61
CTATCAGCATC,34,62
CTACCAACTCG,34,63
CTACCATAAGC,34,64
CTACTCAGCAG,34,65
CTAGCCATGCC,34,66
CTAGTAACCTG,34,67
CTATATCATGA,34,68
CTAATTCCTTA,34,69
CTACGACTCGA,34,70
CTACTGACCTA,34,71
GAACCGCAGCG,35,0
GAACCGGTCTA,35,1
GAACCGTCAGG,35,2
GAACCATCGCG,35,3
GAACCATGAAT,35,4
GAACCGATGGA,35,5
GAACCGCGAAC,35,6
GAACCGGTTGG,35,7
GAACCGTAGTT,35,8
GAACCATACTG,35,9
GAACCATGCGC,35,10
GAACCGATTAC,35,11
CTGATCCAACG,35,12
CTGCCGTTACG,35,13
CTGCGATCTTG,35,14
CTGAGATTCTC,35,15
CTGAGGAATGA,35,16
CTGATAGAATT,35,17
CTGATCTCTGA,35,18
CTGCCTTCCGA,35,19
CTGCGAGCTGA,35,20
CTGAGAACGAA,35,21
CTGAGGCGTAA,35,22
CTGATATAGGA,35,23
CTTCCGACCTG,35,24
CTTCGACTTCG,35,25
CTTCGCGTATA,35,26
CTTCATATTAC,35,27
CTTCATCGGCC,35,28
CTTCCATTGGT,35,29
CTTCCGATATA,35,30
CTTCGATGGAC,35,31
CTTCGCAGCGG,35,32
CTTCAGTTGAC,35,33
CTTCATGCGTA,35,34
CTTCCGAACCA,35,35
CTCCAAGACCT,35,36
CTCCAGCTCCT,35,37
CTCCATAAGGT,35,38
CTATGGTTAGC,35,39
CTATTACGCGA,35,40
CTCCAACCAGG,35,41
CTCCAAGAGAA,35,42
CTCCAGGCAAG,35,43
CTCCAGTTCTC,35,44
CTATGGTCGTA,35,45
CTATTGCCATG,35,46
CTCCAACGCCG,35,47
GAACCGAGCCG,35,48
GAACCGCTCAG,35,49
GAACCGGCTCC,35,50
GAACCAATCGG,35,51
GAACCAGAGGT,35,52
GAACCATTGAC,35,53
GAACCGAGGTC,35,54
GAACCGGAAGC,35,55
GAACCGGCGAG,35,56
GAACCAATATC,35,57
GAACCAGCTTG,35,58
GAACCGAATTG,35,59
CTGAGTCTAAC,35,60
CTGATGCATAT,35,61
CTGCCAGAATC,35,62
CTGAATATAGA,35,63
CTGACCTGCGA,35,64
CTGAGGTAGAC,35,65
CTGAGTTAACC,35,66
CTGCAATCGTA,35,67
CTGCATGCTTG,35,68
CTGAATAGTCA,35,69
CTGACTTGGTT,35,70
CTGAGTCCTCT,35,71
CTTGAATTCAG,36,0
CTTGAGCGTTG,36,1
CTTGAGTAGAT,36,2
CTTCTACTGCA,36,3
CTTCTCAATCG,36,4
CTTGAAGGCAT,36,5
CTTGACTCCAA,36,6
CTTGAGGATGC,36,7
CTTGAGGTCGT,36,8
CTTCGTTAGGT,36,9
CTTCTCTCCGT,36,10
CTTGAATTAGA,36,11
CTCCTAACGCG,36,12
CTCCTCCGCCA,36,13
CTCCTCTACCG,36,14
CTCCGACCTAG,36,15
CTCCGAGGATC,36,16
CTCCGCTTAAG,36,17
CTCCTAACTTC,36,18
CTCCTCCGTAG,36,19
CTCCTCGATCT,36,20
CTCCGAATATG,36,21
CTCCGATCGGT,36,22
CTCCGGCAGGA,36,23
GAACCTCTTAT,36,24
GAACCTTCGTA,36,25
GAACGACGCCT,36,26
GAACCTAATCT,36,27
GAACCTACCGT,36,28
GAACCTCGTCG,36,29
GAACCTGACCG,36,30
GAACCTTCTGC,36,31
GAACGAACTAT,36,32
GAACCGTTACC,36,33
GAACCTAGCAA,36,34
GAACCTCTATG,36,35
CTGGAGACGTC,36,36
CTGGAGTACTC,36,37
CTGGATGATCG,36,38
CTGCGGTCCGC,36,39
CTGCGTACGGT,36,40
CTGGAAGTAAC,36,41
CTGGAGAGCTG,36,42
CTGGATACTGC,36,43
CTGGATCAGCT,36,44
CTGCGGCTAGC,36,45
CTGCTGATTGA,36,46
CTGGACCATAA,36,47
CTTCTTCTCAT,36,48
CTTGACTCGGT,36,49
CTTGAGAGTAT,36,50
CTTCGGAATAA,36,51
CTTCGGTTGCG,36,52
CTTCTGCGCAG,36,53
CTTCTTGACGG,36,54
CTTGACTGAGG,36,55
CTTGAGAAGGA,36,56
CTTCGCTATCT,36,57
CTTCGTTAATC,36,58
CTTCTTCGCTA,36,59
CTCCGCGCAGA,36,60
CTCCTACGCGT,36,61
CTCCTCCAATT,36,62
CTCCATCTGCG,36,63
CTCCATGAATT,36,64
CTCCGCAGTTA,36,65
CTCCGCGTCGT,36,66
CTCCTAGGAGG,36,67
CTCCTATCTGG,36,68
CTCCATCCGAC,36,69
CTCCGAACGTA,36,70
CTCCGCGAGAC,36,71
GCCTGAACCAA,37,0
GCCTTACCGGA,37,1
GCGAACCGTCC,37,2
GCCTATGGCTC,37,3
GCCTATTATCG,37,4
GCCTCTAGAGC,37,5
GCCTGAAGGCT,37,6
GCCTTCCGAGT,37,7
GCCTTGATCGC,37,8
GCCTAACCAGT,37,9
GCCTCAGATGC,37,10
GCCTCTTACCA,37,11
GAAGCGACTAT,37,12
GAAGCGGTTAA,37,13
GAAGCTGGCTG,37,14
GAAGCAGGTAC,37,15
GAAGCAGTATG,37,16
GAAGCCTTCCG,37,17
GAAGCGATAGT,37,18
GAAGCGTATTA,37,19
GAAGCGTCCTG,37,20
GAAGCAGACGC,37,21
GAAGCATCATT,37,22
GAAGCGAAGAA,37,23
GATTGATTACT,37,24
GCAACCGAGGC,37,25
GCAACCGGACG,37,26
GATTCCGTCCT,37,27
GATTCGGACTG,37,28
GATTGACGTCC,37,29
GATTGCTGATA,37,30
GCAACCGCCGT,37,31
GCAACCGCTCC,37,32
GATTCCATGCA,37,33
GATTCGTTAGA,37,34
GATTGAGAGCA,37,35
GAACGCCTGGC,37,36
GAACGGACCTC,37,37
GAACGGCAATC,37,38
GAACGATATAA,37,39
GAACGATCAAG,37,40
GAACGCATTGG,37,41
GAACGCGATCG,37,42
GAACGGACTCG,37,43
GAACGGAGAGT,37,44
GAACGAGTACT,37,45
GAACGATCCGT,37,46
GAACGCCGGAT,37,47
GAACCTTAATC,37,48
GAACGACTCTA,37,49
GAACGAGGAAC,37,50
GAACCTCAGGA,37,51
GAACCTCCGAC,37,52
GAACCTGCGCT,37,53
GAACCTTATAG,37,54
GAACGACTGCG,37,55
GAACGAGAATG,37,56
GAACCTATGCG,37,57
GAACCTCGCTT,37,58
GAACCTGGACC,37,59
CTGGAGCTCTT,37,60
CTGGATGGCAA,37,61
CTGGCATGATA,37,62
CTGCTTCGGCT,37,63
CTGCTTCTTCA,37,64
CTGGAGCAACC,37,65
CTGGAGGTTAG,37,66
CTGGATTCCTT,37,67
CTGGATTGACC,37,68
CTGCTGGTTCT,37,69
CTGGAAGCTCT,37,70
CTGGAGCGATA,37,71
GCAAGTTAGAA,38,0
GCAATCTCTCT,38,1
GCAGAATCTAG,38,2
GCAAGAAGCCT,38,3
GCAAGAATAGG,38,4
GCAAGGCTGCT,38,5
GCAATACCGCT,38,6
GCAATTCAGGT,38,7
GCAGAACGCAT,38,8
GCAACTCGAGT,38,9
GCAAGACGGTC,38,10
GCAAGTATCCG,38,11
GAACTACCGTT,38,12
GAACTAGGCGG,38,13
GAACTCAGATG,38,14
GAACGTAGCGC,38,15
GAACGTCAACT,38,16
GAACTAATTCG,38,17
GAACTACGTAT,38,18
GAACTATCTTC,38,19
GAACTATGAGA,38,20
GAACGTAGAAG,38,21
GAACGTCAGAG,38,22
GAACTACCAAC,38,23
GCCTGCTGGTC,38,24
GCGAACGCTGC,38,25
GCGAGCTGAAT,38,26
GCCTCCAAGCC,38,27
GCCTCGACTGA,38,28
GCCTGACCGCG,38,29
GCCTGCTTACC,38,30
GCGACCAAGGT,38,31
GCGACTGCGAC,38,32
GCCTCAGCTTG,38,33
GCCTCGCCGGT,38,34
GCCTGCATGAG,38,35
GAAGCGCTTCC,38,36
GAAGGAACTGG,38,37
GAATAACTACC,38,38
GAAGCATTCGT,38,39
GAAGCCAGGAC,38,40
GAAGCGCCGGC,38,41
GAAGCGGACCT,38,42
GAAGGAATATA,38,43
GAAGGAATCCT,38,44
GAAGCATGACC,38,45
GAAGCCGCAGT,38,46
GAAGCGCGGCT,38,47
GCAACCATAGC,38,48
GCAACCGGCTC,38,49
GCAACTCATCG,38,50
GATTCTCCGGA,38,51
GATTCTCGCCA,38,52
GATTGGACGCG,38,53
GCAACCATCCA,38,54
GCAACGTATAC,38,55
GCAACTACGGT,38,56
GATTCTAGGTT,38,57
GATTCTTCTGG,38,58
GCAACCAAGCG,38,59
GAACGCTCATA,38,60
GAACGGCAGGT,38,61
GAACGGTTATT,38,62
GAACGCAACTT,38,63
GAACGCAAGAC,38,64
GAACGCGTTAA,38,65
GAACGCTGCAA,38,66
GAACGGCGTAA,38,67
GAACGGTACGC,38,68
GAACGATGGCC,38,69
GAACGCAGTCC,38,70
GAACGCTAAGG,38,71
GCGGACGTTGA,39,0
GCGGATGCTGG,39,1
GCGGCTTATGC,39,2
GCGCAGACTTC,39,3
GCGCCAGCCTG,39,4
GCGCTGGAAGA,39,5
GCGGAGAGTCC,39,6
GCGGCGGATAC,39,7
GCGGCTCCGGC,39,8
GCGATTGCCGG,39,9
GCGCGCGATGG,39,10
GCGCTTAGCTT,39,11
GAGAACGGTAC,39,12
GAGAAGCGAGT,39,13
GAGAAGGCTCT,39,14
GACCAAGTCGT,39,15
GACCAGGCCGA,39,16
GACTGACGCTG,39,17
GAGAACGTCTT,39,18
GAGAAGCGTAG,39,19
GAGAAGCTGGC,39,20
GACCAAGGTAT,39,21
GACCGCTGACT,39,22
GACTTGCATAA,39,23
GCAATCAATTG,39,24
GCAGACTAATC,39,25
GCAGAGCTCGA,39,26
GCAAGCCTTAA,39,27
GCAAGCTCCGG,39,28
GCAATACGAGG,39,29
GCAATCCAAGA,39,30
GCAGAGACCGT,39,31
GCAGAGCATCT,39,32
GCAAGATAGGT,39,33
GCAAGCTGGCG,39,34
GCAATAGAATA,39,35
GAACTAGATGC,39,36
GAACTCATACC,39,37
GAACTCGGTCT,39,38
GAACGTTCTCA,39,39
GAACTAAGCTC,39,40
GAACTACTAGT,39,41
GAACTAGCCAA,39,42
GAACTCCAGTC,39,43
GAACTCGAATT,39,44
GAACGTCCTTC,39,45
GAACTAAGGCT,39,46
GAACTACTGAA,39,47
GCGCTCTAATA,39,48
GCGGAGCGCTC,39,49
GCGGAGTTCCT,39,50
GCGAGTTCTTG,39,51
GCGAGTTGCGC,39,52
GCGCTAGGAAT,39,53
GCGCTGATTCA,39,54
GCGGAGGAAGG,39,55
GCGGAGTTAGC,39,56
GCGAGGTATCG,39,57
GCGATTCATTG,39,58
GCGCTCCGCTG,39,59
GACTCAAGCCT,39,60
GAGAACTGCCG,39,61
GAGAAGATGCG,39,62
GAATAAGTATT,39,63
GAATAAGTCAA,39,64
GACCTATCAGC,39,65
GACTCGCTCAT,39,66
GAGAACTTACT,39,67
GAGAAGAGGTC,39,68
GAATAAGGCGT,39,69
GACCAACTGCT,39,70
GACCTATGACG,39,71
GCATATCTCTA,40,0
GCATCGGTAAG,40,1
GCATTAGCGCA,40,2
GCAGCTCGGAA,40,3
GCAGGCCTTCT,40,4
GCATAAGCGAT,40,5
GCATATGCGTC,40,6
GCATGGATTGG,40,7
GCATTAATACT,40,8
GCAGCCTCAAT,40,9
GCAGGTTCTGG,40,10
GCATAGAACCG,40,11
GAAGAACTCTT,40,12
GAAGACGAGTT,40,13
GAAGACTATCC,40,14
GAACTGATAAG,40,15
GAACTGCATAC,40,16
GAACTTCGCGA,40,17
GAAGAAGGATC,40,18
GAAGACGGCGC,40,19
GAAGACGTCCT,40,20
GAACTGACGAC,40,21
GAACTGGCAAT,40,22
GAACTTGGTTG,40,23
GCGGTTGATAA,40,24
GCGTCATTATG,40,25
GCGTCTCTGGT,40,26
GCGGTAGGAGG,40,27
GCGGTATAAGC,40,28
GCGGTCTGAGA,40,29
GCGGTTGCCTT,40,30
GCGTCGGTTCT,40,31
GCGTCTCGACT,40,32
GCGGTACTCCA,40,33
GCGGTATGCAG,40,34
GCGGTTATATA,40,35
GAGGTATCGTA,40,36
GAGTCGAAGTA,40,37
GAGTCGTCGCA,40,38
GAGCATGGTTA,40,39
GAGCTTCTTCC,40,40
GAGGTAGAGAT,40,41
GAGGTCAGCGA,40,42
GAGTCGCGGCC,40,43
GAGTCGCTCTG,40,44
GAGCAGAGTTG,40,45
GAGGACCAATC,40,46
GAGGTAGTATC,40,47
GCAGTCTCCTT,40,48
GCATATTGCAT,40,49
GCATCCTGCCT,40,50
GCAGATACCTC,40,51
GCAGCATAATA,40,52
GCAGTAGTCCT,40,53
GCAGTTGCCAG,40,54
GCATCAAGATC,40,55
GCATCCTCTCG,40,56
GCAGAGTCGTT,40,57
GCAGCCAATGG,40,58
GCAGTCCAATG,40,59
GAACTTATAGA,40,60
GAAGAATCCGG,40,61
GAAGACCGATG,40,62
GAACTCTAGAA,40,63
GAACTCTCAGT,40,64
GAACTTAAGGC,40,65
GAACTTCATGG,40,66
GAAGAATCGAC,40,67
GAAGAATTACT,40,68
GAACTCGTCGT,40,69
GAACTCTGGTT,40,70
GAACTTAGTAC,40,71
GCGTTGAGGCG,41,0
GCTATCCGCGA,41,1
GCTATTGACTG,41,2
GCGTTAGACTC,41,3
GCGTTAGTTAC,41,4
GCGTTCTTAAC,41,5
GCGTTGCAGCC,41,6
GCTATGATTGG,41,7
GCTATGGCAAC,41,8
GCGTTACGCTT,41,9
GCGTTATATCC,41,10
GCGTTGAACGT,41,11
GATCTCTTGAC,41,12
GATGCGTTGGC,41,13
GATGGCTTAGA,41,14
GAGTTGAAGGC,41,15
GAGTTGACCAA,41,16
GATCTAGGCAT,41,17
GATCTGCTAAC,41,18
GATGGATCAAC,41,19
GATGGCTAGTC,41,20
GAGTTCTGGTC,41,21
GAGTTGCCGTA,41,22
GATCTCGAGTA,41,23
GCCATGCCATG,41,24
GCCGCCTACGG,41,25
GCCGCTTGCTG,41,26
GCATTCATCAG,41,27
GCATTCGAGTC,41,28
GCCAGTAGGCG,41,29
GCCATTGGCAT,41,30
GCCGCCTGGTT,41,31
GCCGCGTTAGG,41,32
GCATTATCATA,41,33
GCATTCTAACC,41,34
GCCATCTCCGT,41,35
GAAGAGGCTGC,41,36
GAAGATCTAGG,41,37
GAAGATGCAAG,41,38
GAAGACTTGGT,41,39
GAAGAGAATAC,41,40
GAAGAGCGGTC,41,41
GAAGATAGGCT,41,42
GAAGATGAAGT,41,43
GAAGATGAGCC,41,44
GAAGACTCGCG,41,45
GAAGAGACGCC,41,46
GAAGAGGAATG,41,47
GCGTATGCGGA,41,48
GCGTCTGAGTA,41,49
GCGTTAAGTAA,41,50
GCGGTCCATCC,41,51
GCGGTCCGGAC,41,52
GCGGTTGGCGC,41,53
GCGTATGGCCT,41,54
GCGTCTGCTCG,41,55
GCGTCTTGGAT,41,56
GCGGTCATTGC,41,57
GCGGTCGTTAT,41,58
GCGTATAATTG,41,59
GAGTACTTGGC,41,60
GAGTCTAGTAC,41,61
GAGTTCTAGGA,41,62
GAGGAGTCTAA,41,63
GAGGCGTTATT,41,64
GAGGTCGCTTA,41,65
GAGTATAAGTT,41,66
GAGTTATTAGT,41,67
GAGTTATTGCG,41,68
GAGGAGCAACG,41,69
GAGGCTGCTAA,41,70
GAGGTTAGTTG,41,71
GGTAACCAACC,42,0
GGTAACTGGTT,42,1
GGTAAGATCTC,42,2
GGCTGGTCGAA,42,3
GGCTGGTTATG,42,4
GGCTTGGCGAT,42,5
GGTAACCGCGG,42,6
GGTAAGAACCA,42,7
GGTAAGAGATT,42,8
GGCTGGTAGGT,42,9
GGCTTAGTATC,42,10
GGCTTGGCTGA,42,11
GCTCGACTCGT,42,12
GCTCGTTGCTC,42,13
GCTCTCATAAG,42,14
GCTCCAGCTTC,42,15
GCTCCATGCAG,42,16
GCTCCTCCTGG,42,17
GCTCGCCTGAC,42,18
GCTCTATTAAC,42,19
GCTCTCAGGTA,42,20
GCTCCAGCCGT,42,21
GCTCCGATCCT,42,22
GCTCCTTGGAA,42,23
GCTAATAGCCT,42,24
GCTCAACCGGT,42,25
GCTCATGACGC,42,26
GCGTTATGATC,42,27
GCGTTCCAGTA,42,28
GCGTTGGATAT,42,29
GCTACTATCTC,42,30
GCTCAGTCGTA,42,31
GCTCATCAAGT,42,32
GCGTTATCAGG,42,33
GCGTTCTGCTA,42,34
GCGTTGGCCGC,42,35
GATGAGCGGCA,42,36
GATGGTAATCG,42,37
GATTCATGCCG,42,38
GATATAACCAT,42,39
GATATATCTTA,42,40
GATGAATTGAG,42,41
GATGCCTGGTA,42,42
GATGGTATATT,42,43
GATTAGATTCT,42,44
GAGTTGCTGAC,42,45
GATCCTGGTAC,42,46
GATGAGAGTAA,42,47
GCCGATACTGC,42,48
GCCGGCGCCTC,42,49
GCCGTCGCGCT,42,50
GCCAGAGTACG,42,51
GCCAGCCGAAC,42,52
GCCGACCATCG,42,53
GCCGATTCCTA,42,54
GCCGGTTGAAG,42,55
GCCGTAGGAAC,42,56
GCCAACCGTTG,42,57
GCCAGCTACGA,42,58
GCCGAGCAGCA,42,59
GAAGATCAGAA,42,60
GAAGATGGTCG,42,61
GAAGCAAGCAG,42,62
GAAGAGATGAG,42,63
GAAGAGCCATT,42,64
GAAGATATCAT,42,65
GAAGATCCGGT,42,66
GAAGATTACGA,42,67
GAAGATTCCTT,42,68
GAAGAGACTTG,42,69
GAAGAGCGCCG,42,70
GAAGATATTCC,42,71
GGTCCGACGCC,43,0
GGTCCTAGTCA,43,1
GGTCCTGGAAT,43,2
GGTCAGTCTCG,43,3
GGTCATAATGG,43,4
GGTCCAGAGCC,43,5
GGTCCGCGCTG,43,6
GGTCCTCATGA,43,7
GGTCCTCCAAC,43,8
GGTCAGGAGGT,43,9
GGTCATACGAA,43,10
GGTCCAGTTCT,43,11
GGAGGCATTGA,43,12
GGAGTATATAC,43,13
GGAGTCGTTAA,43,14
GGACCGATACT,43,15
GGACGAGCCGC,43,16
GGAGCGTTGGT,43,17
GGAGGCGGAGA,43,18
GGAGTCCGAGG,43,19
GGAGTCGACCG,43,20
GGAATTGAGTC,43,21
GGACGCGGAAG,43,22
GGAGGACCGGA,43,23
GGTAACGAGAA,43,24
GGTAAGCGTAA,43,25
GGTAAGTCGTC,43,26
GGCTTCGCCAG,43,27
GGCTTCTTGAG,43,28
GGTAACCTGAC,43,29
GGTAACGGACG,43,30
GGTAAGGCATG,43,31
GGTAAGTAATA,43,32
GGCTTATGAGG,43,33
GGCTTGAGAAG,43,34
GGTAACGACTG,43,35
GCTCGGTTCCA,43,36
GCTCTCATTCT,43,37
GCTCTTCCTCA,43,38
GCTCCGGAGAC,43,39
GCTCCGGTAAT,43,40
GCTCGGCCGAA,43,41
GCTCGTAGACG,43,42
GCTCTGGCCTT,43,43
GCTCTTCCGTT,43,44
GCTCCGCTTCG,43,45
GCTCCTACCAA,43,46
GCTCGGCTTGA,43,47
GGTCATCATCT,43,48
GGTCCGGACGA,43,49
GGTCCTACGGT,43,50
GGTCAACGTCG,43,51
GGTCAAGAACT,43,52
GGTCATAGAAC,43,53
GGTCATTCCGC,43,54
GGTCCGTCGTT,43,55
GGTCCTAAGTA,43,56
GGTCAACCATG,43,57
GGTCAGCCGCT,43,58
GGTCATATCCA,43,59
GGACTGGCTCA,43,60
GGAGGTAGATT,43,61
GGAGGTTATCT,43,62
GGAACCAATCA,43,63
GGAACCAGTAC,43,64
GGACGGCGACG,43,65
GGACTTATGAA,43,66
GGAGGTCTTGC,43,67
GGAGGTTACTA,43,68
GCTTGGTTCGC,43,69
GGAACCGCCTA,43,70
GGACTATTCGG,43,71
GGTACTGACGC,44,0
GGTAGAGATTG,44,1
GGTAGATGAGT,44,2
GGTAATTGATC,44,3
GGTAATTGCAT,44,4
GGTACGGTACC,44,5
GGTAGAATATG,44,6
GGTAGAGTTAT,44,7
GGTAGATAGGA,44,8
GGTAATTCGGA,44,9
GGTACCAACCT,44,10
GGTACGTTCTA,44,11
GCTGCCTATAG,44,12
GCTGCTCATAT,44,13
GCTGCTGCAAC,44,14
GCTGAGTACCG,44,15
GCTGATATCCG,44,16
GCTGCAGTCGA,44,17
GCTGCGGCTTG,44,18
GCTGCTCCTTA,44,19
GCTGCTGAGGA,44,20
GCTGAGCTTGG,44,21
GCTGATCTCGC,44,22
GCTGCATGGTC,44,23
GGTCGCCGCAA,44,24
GGTCGGACTGC,44,25
GGTCGGCATTA,44,26
GGTCGAAGCTT,44,27
GGTCGAATGGA,44,28
GGTCGCATACT,44,29
GGTCGCGCATT,44,30
GGTCGGAGCGG,44,31
GGTCGGATATC,44,32
GGTCGAACGTC,44,33
GGTCGACTACG,44,34
GGTCGCCAGTC,44,35
GGATATCTGCT,44,36
GGATCTCTCAA,44,37
GGATGCCAGGC,44,38
GGAGTTACTGG,44,39
GGAGTTCCTAA,44,40
GGATAGGTACC,44,41
GGATATGGTTC,44,42
GGATGAACTAG,44,43
GGATGAGTCAG,44,44
GGAGTTAAGGA,44,45
GGAGTTCGTCT,44,46
GGATATAGCTA,44,47
GGTACCGTCCG,44,48
GGTAGAATCCT,44,49
GGTAGAGAACC,44,50
GGTAATACCTG,44,51
GGTAATATAGC,44,52
GGTACCAGAAG,44,53
GGTACCTAGAC,44,54
GGTAGACGCAT,44,55
GGTAGACTCTC,44,56
GGTAATAATAA,44,57
GGTAATGAGCC,44,58
GGTACCGGTAA,44,59
GCTGATTAACT,44,60
GCTGCGTACGA,44,61
GCTGCTATGAT,44,62
GCTCTTCTCAA,44,63
GCTGAAGGATA,44,64
GCTGATGCCTG,44,65
GCTGCAACCTT,44,66
GCTGCGTCCTC,44,67
GCTGCGTTGCA,44,68
GCTCTTCGTTG,44,69
GCTGAGAAGAT,44,70
GCTGATGCGCC,44,71
GGTCTATTAGA,45,0
GGTCTCGGCCT,45,1
GGTCTGAACCG,45,2
GGTCGTCCGAG,45,3
GGTCGTCGCGT,45,4
GGTCTAGGATA,45,5
GGTCTCAAGGT,45,6
GGTCTCTCATG,45,7
GGTCTCTTCCG,45,8
GGTCGTCAATG,45,9
GGTCGTCTAGC,45,10
GGTCTATGGAT,45,11
GGATTGCTAGA,45,12
GGCCTGATCAG,45,13
GGCGATTCGAC,45,14
GGATTACGATG,45,15
GGATTACGGAC,45,16
GGATTGAGTCT,45,17
GGATTGGTCTG,45,18
GGCCTTGCGGA,45,19
GGCGATCGACG,45,20
GGATGGTACGG,45,21
GGATTAGCTAC,45,22
GGATTGCAGTT,45,23
GGTAGCTTCGT,45,24
GGTAGGCTGAA,45,25
GGTAGTCAGAC,45,26
GGTAGCATTCA,45,27
GGTAGCCTTGC,45,28
GGTAGCTGACC,45,29
GGTAGGAGGTA,45,30
GGTAGTACCAT,45,31
GGTAGTATGCC,45,32
GGTAGCAACGC,45,33
GGTAGCGCTGG,45,34
GGTAGCTTAAG,45,35
GCTGGCCGGAT,45,36
GCTGGTAGAGC,45,37
GCTGGTCATTC,45,38
GCTGCTTGATT,45,39
GCTGCTTGCCA,45,40
GCTGGCAGCCG,45,41
GCTGGCCGTCC,45,42
GCTGGTATAAG,45,43
GCTGGTCAAGG,45,44
GCTGCTGGCAG,45,45
GCTGGAATCTG,45,46
GCTGGCATTAC,45,47
GGTCGCTACGA,45,48
GGTCGGCGAAC,45,49
GGTCGTACTCT,45,50
GGTCGATCCAG,45,51
GGTCGATTAAT,45,52
GGTCGCGCGGC,45,53
GGTCGCTGGTA,45,54
GGTCGGTTGCC,45,55
GGTCGTAAGGC,45,56
GGTCGATACTC,45,57
GGTCGCAGAGA,45,58
GGTCGCGTCGG,45,59
GGATCGAAGCA,45,60
GGATGCCTCGA,45,61
GGATGGCTCAT,45,62
GGAGTTGGCGA,45,63
GGATAATCCGT,45,64
GGATCAATAGT,45,65
GGATCGCGCCA,45,66
GGATGGAGAGA,45,67
GGATGGATACG,45,68
GGAGTTGGACC,45,69
GGATACGAAGA,45,70
GGATCCTGCTC,45,71
GGTATCTCTCG,46,0
GGTATGCTTCT,46,1
GGTATTAGTTA,46,2
GGTATAGATAC,46,3
GGTATATACCT,46,4
GGTATCGTCGC,46,5
GGTATCTGGAG,46,6
GGTATGGTAGG,46,7
GGTATGGTCTT,46,8
GGTATAGACTA,46,9
GGTATATCCGA,46,10
GGTATCTATTA,46,11
GCTTCTCTGAA,46,12
GCTTGGAACCT,46,13
GCTTGGATAGT,46,14
GCTTAGTATTC,46,15
GCTTATGCTGC,46,16
GCTTCGTTCTT,46,17
GCTTGAACGAT,46,18
GCTTGGACGTA,46,19
GCTTGGAGAAC,46,20
GCTTAGGTAAC,46,21
GCTTATGGAGT,46,22
GCTTCTCGAAG,46,23
GGTCTCCTGGA,46,24
GGTCTGACGAG,46,25
GGTCTGCTCGC,46,26
GGTCTAACTTA,46,27
GGTCTAATCGT,46,28
GGTCTCAGACC,46,29
GGTCTCGATCG,46,30
GGTCTGATGCA,46,31
GGTCTGCCGTC,46,32
GGTCGTTCAGA,46,33
GGTCTACGAGT,46,34
GGTCTCCATAA,46,35
GGCATACTGAG,46,36
GGCGGAGAGTT,46,37
GGCGGCAACTG,46,38
GGATTATTAAC,46,39
GGATTATTGGA,46,40
GGCAGGTTACC,46,41
GGCCTCGACCA,46,42
GGCGGAGTAGA,46,43
GGCGGATTGGT,46,44
GGATTATGGTT,46,45
GGATTGAGCGG,46,46
GGCAGTATCAG,46,47
GGTAGGCCGGC,46,48
GGTAGTCGACT,46,49
GGTAGTTCTTA,46,50
GGTAGCGGTCT,46,51
GGTAGCTAATT,46,52
GGTAGGAGTAC,46,53
GGTAGGCCTAT,46,54
GGTAGTCTCCA,46,55
GGTAGTTCAAC,46,56
GGTAGCGGCAG,46,57
GGTAGCTAGCG,46,58
GGTAGGCATCC,46,59
GCTGGCTTCAG,46,60
GCTGGTCCGCA,46,61
GCTTACCTCAG,46,62
GCTGGAGTAGG,46,63
GCTGGATCGGA,46,64
GCTGGCGGCGC,46,65
GCTGGTACGAC,46,66
GCTGGTCTACC,46,67
GCTGGTTGGCC,46,68
GCTGGAGATAT,46,69
GCTGGATGCGT,46,70
GCTGGCTCTAA,46,71
GGTTACCAGAG,47,0
GGTTACTCCTT,47,1
GGTTAGACTGG,47,2
GGTCTTGGTTC,47,3
GGTTAACCGAA,47,4
GGTTAATCTTC,47,5
GGTTACCGCCT,47,6
GGTTACTCGGC,47,7
GGTTACTCTAG,47,8
GGTCTTGAGAC,47,9
GGTTAACGAGG,47,10
GGTTAATGATT,47,11
GGCTATGATCC,47,12
GGCTGCGGTCA,47,13
GGCTGGATGAT,47,14
GGCGTAGCTAT,47,15
GGCGTATAGAA,47,16
GGCTACGTAAG,47,17
GGCTCATGCGC,47,18
GGCTGCTGATT,47,19
GGCTGGAATTG,47,20
GGCGTACTTGA,47,21
GGCGTCCGTTG,47,22
GGCTATAACCG,47,23
GGTATGAGCTG,47,24
GGTATTATCGG,47,25
GGTATTCCTGG,47,26
GGTATCCAATG,47,27
GGTATCCGTCC,47,28
GGTATGAATAT,47,29
GGTATGCAAGC,47,30
GGTATTCAGCG,47,31
GGTATTCCGAA,47,32
GGTATATTGGC,47,33
GGTATCCTCAG,47,34
GGTATGACTCC,47,35
GCTTGCGAGCC,47,36
GCTTGGCATAA,47,37
GCTTGGTCCAA,47,38
GCTTCCGCTAA,47,39
GCTTCGCGAGT,47,40
GCTTGCCAGTT,47,41
GCTTGCTCTGC,47,42
GCTTGGCGTTC,47,43
GCTTGGTAGAC,47,44
GCTTCAGTCCG,47,45
GCTTCGGCGCT,47,46
GCTTGCCTTCG,47,47
GGTTAAGCAGT,47,48
GGTTACCTTAT,47,49
GGTTACTAATG,47,50
GGTCTTAACTC,47,51
GGTCTTAGCAT,47,52
GGTTAACGCTA,47,53
GGTTAAGTCTG,47,54
GGTTACGACGC,47,55
GGTTACGGATC,47,56
GGTCTGGTTAG,47,57
GGTCTTATACG,47,58
GGTTAAGATCA,47,59
GGCGTTGACTG,47,60
GGCTCGTTAGC,47,61
GGCTGCCATAT,47,62
GGCGGTAGTAC,47,63
GGCGGTCCTCA,47,64
GGCGTCGTAGC,47,65
GGCTACCAGCC,47,66
GGCTGAACGTA,47,67
GGCTGACTAGC,47,68
GGCGGCTGCGA,47,69
GGCGGTCTACT,47,70
GGCGTCGTCAT,47,71
GTCGGTCGCGC,48,0
GTCGTCATGCC,48,1
GTCGTCTACGC,48,2
GTCGGAGCTAG,48,3
GTCGGCCTGGC,48,4
GTCGGTCAACG,48,5
GTCGGTCGTCT,48,6
GTCGTCGCATC,48,7
GTCGTCGCTCG,48,8
GTCGGAGATCT,48,9
GTCGGCTAATT,48,10
GTCGGTCCGTC,48,11
GGTTATTCTCA,48,12
GGTTCATCAAG,48,13
GGTTCCATCGG,48,14
GGTTAGTCGAT,48,15
GGTTAGTTAGG,48,16
GGTTATGGCGG,48,17
GGTTCAAGCAG,48,18
GGTTCATTGCG,48,19
GGTTCCAATTC,48,20
GGTTAGGCGCA,48,21
GGTTATAAGCT,48,22
GGTTATTAAGC,48,23
GTTAGGCAATC,48,24
GTTATAATTCT,48,25
GTTATACTCTA,48,26
GTTAGAGTAGC,48,27
GTTAGATACTT,48,28
GTTAGGAGTTG,48,29
GTTAGGCCGTT,48,30
GTTATACCTAG,48,31
GTTATACGACG,48,32
GTTAGAGAGAA,48,33
GTTAGCCTGAT,48,34
GTTAGGATCGG,48,35
GTAGGATAGGA,48,36
GTAGGTCTATG,48,37
GTAGTACTGGT,48,38
GTAGAGTTACG,48,39
GTAGATCGGAT,48,40
GTAGCTTGCTC,48,41
GTAGGATGGAC,48,42
GTAGGTTCCGC,48,43
GTAGTAAGGCC,48,44
GTAGAGTATAT,48,45
GTAGATGGATG,48,46
GTAGGACCGAG,48,47
GTCGGTAGGAG,48,48
GTCGGTTATAC,48,49
GTCGTAGCGGT,48,50
GTCGCGGTAGC,48,51
GTCGCTATGGT,48,52
GTCGGCTGGAT,48,53
GTCGGTATGCA,48,54
GTCGGTTCCAT,48,55
GTCGTAGAGTA,48,56
GTCGCGAGTAA,48,57
GTCGGAACCTT,48,58
GTCGGCTTCCT,48,59
GGTTATCGTAG,48,60
GGTTCAGCGTT,48,61
GGTTCATAGTC,48,62
GGTTAGATGGC,48,63
GGTTAGCATAC,48,64
GGTTATAGACG,48,65
GGTTATCTCGA,48,66
GGTTCAGGTAC,48,67
GGTTCAGTAGG,48,68
GGTTAGAGTCC,48,69
GGTTAGGACCG,48,70
GGTTATCCGGT,48,71
GTTATGCTGAG,49,0
GTTATTCCATC,49,1
GTTATTGCGTT,49,2
GTTATCATCAA,49,3
GTTATCGAGAT,49,4
GTTATGAGCGT,49,5
GTTATGGACCA,49,6
GTTATTCGCGC,49,7
GTTATTGACGT,49,8
GTTATCAAGTC,49,9
GTTATCGCATG,49,10
GTTATGCGGCA,49,11
GTATACCTATA,49,12
GTATATTATAG,49,13
GTATCTACTAC,49,14
GTAGTCTATTA,49,15
GTAGTCTGCGA,49,16
GTATAATATCT,49,17
GTATAGCGAGT,49,18
GTATCCTAATC,49,19
GTATCGGCGCG,49,20
GTAGTCGTCCA,49,21
GTAGTTAAGTC,49,22
GTATACCAGAT,49,23
GTCTATGGACC,49,24
GTCTCTAGCGA,49,25
GTCTGACGGAT,49,26
GTCGTCTTCTA,49,27
GTCGTTACTAG,49,28
GTCTACTGAAG,49,29
GTCTATGGCAA,49,30
GTCTCTCAGTT,49,31
GTCTGAATCTC,49,32
GTCGTCTTAGG,49,33
GTCGTTATTGC,49,34
GTCTATGAAGG,49,35
GGTTCGTCTTG,49,36
GGTTCTGCAGC,49,37
GGTTCTTATAC,49,38
GGTTCCGTTGC,49,39
GGTTCCTGCAA,49,40
GGTTCGTACCA,49,41
GGTTCTAGATC,49,42
GGTTCTGCGCG,49,43
GGTTCTGGTTG,49,44
GGTTCCGCCTG,49,45
GGTTCCTTACC,49,46
GGTTCGTCGGA,49,47
GTTAGTTCCTG,49,48
GTTATAGGAAT,49,49
GTTATATTGCG,49,50
GTTAGCTATGA,49,51
GTTAGCTGCGC,49,52
GTTAGGTAGTA,49,53
GTTATAACTGC,49,54
GTTATATCGGT,49,55
GTTATATGCAA,49,56
GTTAGCGGATT,49,57
GTTAGGAGGCC,49,58
GTTAGTCTCGT,49,59
GTAGGTAACGT,49,60
GTAGTATCCAT,49,61
GTAGTCAATGC,49,62
GTAGCCGAGAA,49,63
GTAGCGTAACT,49,64
GTAGGCGCCTT,49,65
GTAGGTACGCC,49,66
GTAGTATTCCG,49,67
GTAGTCAACTT,49,68
GTAGATTCTAC,49,69
GTAGCGTTCGC,49,70
GTAGGCGTATC,49,71
GTCTTCAGTCA,50,0
GTCTTGGCATG,50,1
GTTAACGACCT,50,2
GTCTGCGTTCC,50,3
GTCTGGAGAGC,50,4
GTCTTAATTAG,50,5
GTCTTCGGCGC,50,6
GTCTTGGCGGC,50,7
GTTAACCATAA,50,8
GTCTGCGCTAT,50,9
GTCTGGCAGGC,50,10
GTCTTATGGTA,50,11
GGTTGCCGGCC,50,12
GGTTGGAATCA,50,13
GGTTGGTAACG,50,14
GGTTGACCTAC,50,15
GGTTGAGAGAC,50,16
GGTTGCAGCTC,50,17
GGTTGCCGTTG,50,18
GGTTGGCTACC,50,19
GGTTGGCTTGG,50,20
GGTTGACCGCT,50,21
GGTTGAGCATC,50,22
GGTTGCCGAGT,50,23
GTTATTAGGAA,50,24
GTTATTGGTCG,50,25
GTTCAATTATG,50,26
GTTATCGGCGG,50,27
GTTATCTTAGC,50,28
GTTATGGATTG,50,29
GTTATTCAGTA,50,30
GTTCAACGGTT,50,31
GTTCAACTTAA,50,32
GTTATCGGACC,50,33
GTTATCTTCCT,50,34
GTTATTACTTG,50,35
GTATATACCGT,50,36
GTATCTCCGGC,50,37
GTATGAGGAGA,50,38
GTAGTTCTGCC,50,39
GTAGTTGATGA,50,40
GTATAGGATAC,50,41
GTATATCGAAC,50,42
GTATCTGCTTA,50,43
GTATCTTGCGG,50,44
GTAGTTAATCT,50,45
GTAGTTGGCTT,50,46
GTATAGTCATA,50,47
GTCTCCTACGA,50,48
GTCTGAGTAAC,50,49
GTCTGCGATGA,50,50
GTCGTTGATTC,50,51
GTCTAACCTTA,50,52
GTCTCATCTGC,50,53
GTCTCGTCAGA,50,54
GTCTGATCGCT,50,55
GTCTGCAACGC,50,56
GTCGTTCCTCC,50,57
GTCTACCATCA,50,58
GTCTCCATATC,50,59
GGTTCTGAATA,50,60
GGTTCTTGGCT,50,61
GGTTGAAGTCG,50,62
GGTTCGCCTCC,50,63
GGTTCGCGGAC,50,64
GGTTCTATTCG,50,65
GGTTCTGACCT,50,66
GGTTGAACCGC,50,67
GGTTGAAGATA,50,68
GGTTCGACCAA,50,69
GGTTCGGATAA,50,70
GGTTCTCAGCA,50,71
GTTCCAGGACG,51,0
GTTCCGATCAA,51,1
GTTCCGGTTCC,51,2
GTTCAGGTATC,51,3
GTTCAGTATGC,51,4
GTTCATTGGTC,51,5
GTTCCAGGCTT,51,6
GTTCCGCCGGC,51,7
GTTCCGGCGAA,51,8
GTTCAGGCCGT,51,9
GTTCATATTGA,51,10
GTTCCAAGGAA,51,11
GTATTCTGAGC,51,12
GTATTGCGTTC,51,13
GTATTGGAACT,51,14
GTATGCTTCAT,51,15
GTATGGAGATT,51,16
GTATTCGCCTA,51,17
GTATTCTGCAG,51,18
GTATTGCTGCA,51,19
GTATTGCTTAT,51,20
GTATGCTGGCC,51,21
GTATGGCGGCG,51,22
GTATTCGCGAC,51,23
GTCTTGAATAT,51,24
GTTAACGATGG,51,25
GTTAACTTAAT,51,26
GTCTGGCTTAG,51,27
GTCTGGTATTC,51,28
GTCTTCGTATA,51,29
GTCTTGACGCT,51,30
GTTAACGTTCC,51,31
GTTAACTGAGA,51,32
GTCTGGCGCGG,51,33
GTCTGGTCCTT,51,34
GTCTTCTCGTT,51,35
GGTTGCGTCTA,51,36
GGTTGGTATAT,51,37
GTAACGACTCG,51,38
GGTTGAGGACT,51,39
GGTTGATATCC,51,40
GGTTGCGATAG,51,41
GGTTGCTTGAA,51,42
GGTTGGTCATA,51,43
GGTTGGTCCGT,51,44
GGTTGAGCTGA,51,45
GGTTGATGCTG,51,46
GGTTGCGCTCC,51,47
GTTCATGCATG,51,48
GTTCCAGTCGC,51,49
GTTCCGAGCTC,51,50
GTTCAGAGACG,51,51
GTTCAGCATAT,51,52
GTTCATCGGAG,51,53
GTTCATTATAA,51,54
GTTCCATATTC,51,55
GTTCCGACTTA,51,56
GTTCAGAACTG,51,57
GTTCAGCGCCT,51,58
GTTCATCTACC,51,59
GTATTATAGCG,51,60
GTATTGAATTG,51,61
GTATTGCCTGA,51,62
GTATGATGATC,51,63
GTATGCATTCG,51,64
GTATGGTTGAA,51,65
GTATTATGCGT,51,66
GTATTGACGAA,51,67
GTATTGCAGAC,51,68
GTATGATCTAC,51,69
GTATGCCTCTG,51,70
GTATTAATTCA,51,71
GTTACTAGGTC,52,0
GTTAGAACGCG,52,1
GTTAGACGCCA,52,2
GTTAATGCAAC,52,3
GTTAATTACTC,52,4
GTTACGGCTAC,52,5
GTTACTCTACT,52,6
GTTAGAATAAT,52,7
GTTAGACCTTC,52,8
GTTAATCATCC,52,9
GTTACCTGGAT,52,10
GTTACGTATCG,52,11
GTACTGGTAGG,52,12
GTAGAGCCGCA,52,13
GTAGAGGTTGG,52,14
GTAATACTTAA,52,15
GTAATTGCTCT,52,16
GTACGTTGGTA,52,17
GTACTTCGTAA,52,18
GTAGAGGAGCG,52,19
GTAGAGGCCAG,52,20
GTAAGGATATA,52,21
GTACCTACGGA,52,22
GTACTGGCGCC,52,23
GTTCGAGAGCG,52,24
GTTCGCGTCCT,52,25
GTTCGCTGGCT,52,26
GTTCCGTCTGG,52,27
GTTCCTAATGC,52,28
GTTCGAATTGG,52,29
GTTCGAGCGGT,52,30
GTTCGCTCAAT,52,31
GTTCGCTGCAG,52,32
GTTCCGTACGT,52,33
GTTCCTCAGGT,52,34
GTTCGACTGCT,52,35
GTCCGTTGCCG,52,36
GTCGACGAATG,52,37
GTCGAGAGTTC,52,38
GTCAGTTAGGC,52,39
GTCATTGGCGA,52,40
GTCCGTAAGAC,52,41
GTCCTCGCCTG,52,42
GTCGACGCGGA,52,43
GTCGACTCGCT,52,44
GTCAAGTTCCT,52,45
GTCCAAGAAGT,52,46
GTCCGTAGTAT,52,47
GTTACGCGCTA,52,48
GTTACTGAGCA,52,49
GTTAGAACCGT,52,50
GTTAAGTTCGC,52,51
GTTAAGTTGCA,52,52
GTTACGACGAT,52,53
GTTACGGCCGG,52,54
GTTACTGCCAT,52,55
GTTACTTACCT,52,56
GTTAAGACCAG,52,57
GTTAATATCTT,52,58
GTTACGATTGC,52,59
GTACGGTATGA,52,60
GTACTTGGATC,52,61
GTAGAGATATC,52,62
GTAAGCGACGA,52,63
GTAAGCGCGCG,52,64
GTACGCAGCTC,52,65
GTACGTTAAGT,52,66
GTAGAATAGAG,52,67
GTAGACGGAAC,52,68
GTAACTTGGCA,52,69
GTAAGGAGCGA,52,70
GTACGGCTTCT,52,71
TCAGTTCATAA,53,0
TCATCGGCTTG,53,1
TCATGCTACGG,53,2
TCAGCGTCGTC,53,3
TCAGCTACCAT,53,4
TCAGTCTCAGG,53,5
TCATACCGGCG,53,6
TCATCGTCCAA,53,7
TCATGATCATG,53,8
TCAGCGGCGCG,53,9
TCAGCTTCAAC,53,10
TCAGTTACGTT,53,11
GTTGGCGAAGC,53,12
GTTGGTACTAT,53,13
GTTGGTCAGAT,53,14
GTTGGAGCCTG,53,15
GTTGGAGGAGT,53,16
GTTGGCAATTA,53,17
GTTGGCGAGTT,53,18
GTTGGTAGCCT,53,19
GTTGGTCAATA,53,20
GTTGGACTTGA,53,21
GTTGGAGGTTC,53,22
GTTGGCATGCT,53,23
TATATAGTCTT,53,24
TATCAATTGAT,53,25
TATCGCTTACC,53,26
TAGTTCCATAA,53,27
TAGTTCCGTCC,53,28
TATACTTGCGA,53,29
TATATCCTTAG,53,30
TATCCTCGCTG,53,31
TATCGCTCATG,53,32
TAGTTATCTTC,53,33
TAGTTCGCGCC,53,34
TATAGCCGCAG,53,35
GTTCTACTTCC,53,36
GTTCTATCATT,53,37
GTTCTCAACTA,53,38
GTTCGGTCGGA,53,39
GTTCGGTCTCT,53,40
GTTCGTCGTTC,53,41
GTTCTAGAGGA,53,42
GTTCTATGCCT,53,43
GTTCTATTCTC,53,44
GTTCGGTCATC,53,45
GTTCGGTTCTT,53,46
GTTCTAACGCT,53,47
GTTCGCCTATC,53,48
GTTCGCTTAGG,53,49
GTTCGGTACCG,53,50
GTTCCTGATTA,53,51
GTTCCTTCCTC,53,52
GTTCGATCTTA,53,53
GTTCGCGGTCC,53,54
GTTCGGAATCC,53,55
GTTCGGCGGAT,53,56
GTTCCTCGAGC,53,57
GTTCGAACTAC,53,58
GTTCGCAGTAA,53,59
GTCCTTGATCA,53,60
GTCGAGATCCG,53,61
GTCGATGAGAA,53,62
GTCCAGGAGGA,53,63
GTCCATCGCTC,53,64
GTCCTCGGCAA,53,65
GTCCTTGGTAG,53,66
GTCGAGTCTGA,53,67
GTCGATAATTA,53,68
GTCCAATGCGC,53,69
GTCCGCGACGG,53,70
GTCCTGGTACC,53,71
TATGCGTCATG,54,0
TATGGTAATTC,54,1
TATGGTTGAGC,54,2
TATCTGGCTGG,54,3
TATCTTATGAC,54,4
TATGATTGGTC,54,5
TATGCTCCTTC,54,6
TATGGTAGATA,54,7
TATGGTATACC,54,8
TATCTGAGGCT,54,9
TATCTTGGATA,54,10
TATGCGAGCGC,54,11
GTTGAACCATT,54,12
GTTGAATAAGG,54,13
GTTGACCAACG,54,14
GTTCTCTGATA,54,15
GTTCTGAAGGC,54,16
GTTCTTACTCC,54,17
GTTGAACGGAC,54,18
GTTGAATAGTA,54,19
GTTGAATCTTG,54,20
GTTCTCTAGCA,54,21
GTTCTGATTCG,54,22
GTTCTTAGCGG,54,23
TCATCAGTTGG,54,24
TCATGGCGCGA,54,25
TCATTATAGCA,54,26
TCAGGTCGCCG,54,27
TCAGGTTATCG,54,28
TCATATCAATG,54,29
TCATCGCTTGA,54,30
TCATGGTTGCC,54,31
TCATTAGTTCA,54,32
TCAGGAACCTC,54,33
TCAGTATTCTT,54,34
TCATATTGGAC,54,35
GTTGGCTCTCG,54,36
GTTGGTCTTAC,54,37
TAACCAGTTAG,54,38
GTTGGATGGTT,54,39
GTTGGATTATA,54,40
GTTGGCGCGAC,54,41
GTTGGCTGATC,54,42
GTTGGTTGAGA,54,43
TAACCAGCCTA,54,44
GTTGGATAGCC,54,45
GTTGGCAACGG,54,46
GTTGGCTAGAA,54,47
TATATGAAGAT,54,48
TATCGCTTGGA,54,49
TATCTCCGCTA,54,50
TAGTTGCCGCG,54,51
TAGTTGCTAGC,54,52
TATATCGGAGG,54,53
TATATGATTAA,54,54
TATCGGATAGC,54,55
TATCGTTGCAT,54,56
TAGTTGATGCC,54,57
TAGTTGGCTGC,54,58
TATATCTGCCG,54,59
GTTCTAGGAGC,54,60
GTTCTCAATAC,54,61
GTTCTCGTAGT,54,62
GTTCGTCATGG,54,63
GTTCGTCCAGT,54,64
GTTCTAGCAAG,54,65
GTTCTAGGTAA,54,66
GTTCTCAGAAT,54,67
GTTCTCGCTGC,54,68
GTTCGTACCGC,54,69
GTTCGTCCGCC,54,70
GTTCTAGCGTC,54,71
TCCAATTATAC,55,0
TCCATCATATG,55,1
TCCATGAAGGT,55,2
TCCAACTGACT,55,3
TCCAAGCAAGC,55,4
TCCAATCGAGT,55,5
TCCAATTGGCA,55,6
TCCATCATCGT,55,7
TCCATCGTACT,55,8
TCCAACTATGG,55,9
TCCAAGCATCT,55,10
TCCAATGCAAC,55,11
TAACGAGATTC,55,12
TAACTTCTGCC,55,13
TAAGAAGTCGT,55,14
TAACCGCTGGT,55,15
TAACCGTATAC,55,16
TAACCTTGAGT,55,17
TAACGAGCTCT,55,18
TAAGAACTATC,55,19
TAAGAAGGTCC,55,20
TAACCGCGTAT,55,21
TAACCTAATGC,55,22
TAACGAAGGTC,55,23
TATGGCCGAGA,55,24
TATTAGTATCA,55,25
TATTCCGAGAT,55,26
TATGATAGTAT,55,27
TATGATATTGC,55,28
TATGCTGAAGC,55,29
TATGGCTCTTA,55,30
TATTATGATTG,55,31
TATTATGCATC,55,32
TATGACCTGGT,55,33
TATGATTCGGT,55,34
TATGGAGTTCA,55,35
GTTGAAGCTGC,55,36
GTTGACCGCAT,55,37
GTTGACTATAC,55,38
GTTCTGCTCCA,55,39
GTTCTGGAATT,55,40
GTTGAACTAGC,55,41
GTTGAAGTTCG,55,42
GTTGACCTCGG,55,43
GTTGACGAGAG,55,44
GTTCTGCCTAC,55,45
GTTCTTACGTA,55,46
GTTGAAGCGAT,55,47
TCCAAGTCGCG,55,48
TCCAGATGGAT,55,49
TCCAGGTAAGG,55,50
TCATTCGTAAG,55,51
TCATTGAGTAG,55,52
TCCAAGCGATG,55,53
TCCAATATCTA,55,54
TCCAGCGTCTG,55,55
TCCAGCTGCCG,55,56
TCATTCAACGC,55,57
TCCAACCATAA,55,58
TCCAAGTACTT,55,59
TAACCTGCTAC,55,60
TAACGAGGCGT,55,61
TAACGCGCCTT,55,62
TAACCGACCTG,55,63
TAACCGAGCGT,55,64
TAACCTAGGCT,55,65
TAACCTTCCGG,55,66
TAACGATCAGC,55,67
TAACGCATTAT,55,68
TAACCATCGAT,55,69
TAACCGATTCG,55,70
TAACCTCCGCG,55,71
TCAACCTCGGT,56,0
TCAACTACTAG,56,1
TCAACTGACGT,56,2
TATTCTCTCAT,56,3
TATTGAGATGG,56,4
TATTGGCCAGC,56,5
TCAACCTGCGC,56,6
TCAACTCAGGC,56,7
TCAACTCGATC,56,8
TATTCTAGGAA,56,9
TATTGAGGATA,56,10
TATTGGTACTC,56,11
GTTGATCTTCT,56,12
GTTGCAGACGG,56,13
GTTGCATCAAT,56,14
GTTGAGCGACC,56,15
GTTGAGCTCTA,56,16
GTTGATCATAG,56,17
GTTGATGCCAA,56,18
GTTGCAGATAC,56,19
GTTGCAGTATT,56,20
GTTGAGCATTC,56,21
GTTGAGCTGCG,56,22
GTTGATCGCCA,56,23
TCCGTCTGGAG,56,24
TCCTACTACTA,56,25
TCCTATAGTTC,56,26
TCCGACTCGTT,56,27
TCCGATCCATG,56,28
TCCGGTTGGAA,56,29
TCCGTTCGGTT,56,30
TCCTAGACTCG,56,31
TCCTAGAGGTA,56,32
TCCATTACTCG,56,33
TCCGCAGCGAA,56,34
TCCGTCCTTAG,56,35
TACTGATATAG,56,36
TAGCGTTCTTC,56,37
TAGCTTGCGGC,56,38
TAAGGCGGCCT,56,39
TAAGTTACTAC,56,40
TACGATCTACG,56,41
TACTTATAACT,56,42
TAGCTAAGGCG,56,43
TAGCTTAGCAT,56,44
TAAGAATCGTT,56,45
TAAGTTGAACG,56,46
TACGCTCTTCT,56,47
TATTGCTGAGG,56,48
TCAACCTGGAG,56,49
TCAACGCTCTT,56,50
TATTCGGCATA,56,51
TATTCGTAACC,56,52
TATTGATCCAA,56,53
TATTGGATCCA,56,54
TCAACGAAGCC,56,55
TCAACGAGATT,56,56
TATTCCTGCAT,56,57
TATTCGTTGCT,56,58
TATTGCTAGGT,56,59
GTTGATACGCG,56,60
GTTGATGGAGC,56,61
GTTGCAAGCAT,56,62
GTTGAGAAGCC,56,63
GTTGAGACCGC,56,64
GTTGAGGCTTA,56,65
GTTGATAGGTT,56,66
GTTGATGGTAT,56,67
GTTGATTCCGT,56,68
GTTGACTCGTC,56,69
GTTGAGATAAT,56,70
GTTGAGTCAAC,56,71
TCCTGCCAGCA,57,0
TCCTTATGGTC,57,1
TCCTTCCTCCG,57,2
TCCTCGCGACG,57,3
TCCTCTAGCAT,57,4
TCCTGAGCTCG,57,5
TCCTGCTCTAG,57,6
TCCTTCATAAT,57,7
TCCTTCCATGC,57,8
TCCTCGACTTC,57,9
TCCTCTCCTCG,57,10
TCCTGAGGCTT,57,11
TAGTACGGTAA,57,12
TAGTCGACTAG,57,13
TAGTCTTATAC,57,14
TAGGCTGGAGA,57,15
TAGGTAGATAC,57,16
TAGGTTCTTGC,57,17
TAGTAGGATTA,57,18
TAGTCGCATTG,57,19
TAGTCGGTAGA,57,20
TAGGCTACCTG,57,21
TAGGTAGGATA,57,22
TAGGTTGCCAG,57,23
TCAATCCATTC,57,24
TCAGATAGTCC,57,25
TCAGATTAAGT,57,26
TCAACTTCATT,57,27
TCAAGAGCTGC,57,28
TCAAGGCGGCA,57,29
TCAATGACTAA,57,30
TCAGATCCGTA,57,31
TCAGATGGCAG,57,32
TCAACTGATTG,57,33
TCAAGATATTG,57,34
TCAATCAACCG,57,35
GTTGCGGAACG,57,36
GTTGCTGGTCC,57,37
GTTGCTTGACG,57,38
GTTGCCAGTAG,57,39
GTTGCCGTCAG,57,40
GTTGCGCAAGT,57,41
GTTGCGGAGAT,57,42
GTTGCTTATCA,57,43
GTTGCTTCTGC,57,44
GTTGCATTCCT,57,45
GTTGCCTAGCT,57,46
GTTGCGCTTAT,57,47
TCCTACCAACC,57,48
TCCTATGCCGA,57,49
TCCTCCTTGCT,57,50
TCCGCGACGTT,57,51
TCCGCTCTCCG,57,52
TCCTAACTCAT,57,53
TCCTACGAATG,57,54
TCCTCAATCTT,57,55
TCCTCCATGGC,57,56
TCCGCCAGATG,57,57
TCCGGCTCTGA,57,58
TCCTAAGCGAC,57,59
TAGAACGGCAT,57,60
TAGGAAGCGAG,57,61
TAGGCCGGATT,57,62
TAATGCTTGCT,57,63
TAATGGCAGTT,57,64
TACTTGCCAGG,57,65
TAGACCGGAGC,57,66
TAGGAAGTTGC,57,67
TAGGATGGAAT,57,68
TAATCTAAGAT,57,69
TACCTCAGTCT,57,70
TACTTGGAACC,57,71
TGACGGTCCTT,58,0
TGACTTGAGTA,58,1
TGAGCGAGTCG,58,2
TGAACCAATTG,58,3
TGAACCATGCT,58,4
TGACGGCGTAG,58,5
TGACGTTCAGG,58,6
TGAGAGTACTT,58,7
TGAGATAACTA,58,8
TCTTGGTTATA,58,9
TGAATATGGTA,58,10
TGACGGTAGAA,58,11
TCGCATCCTAA,58,12
TCGCGGTCGGA,58,13
TCGCTCTCGCT,58,14
TCGAGATGACG,58,15
TCGAGCGCTTG,58,16
TCGCAATTAAT,58,17
TCGCCAGTTCC,58,18
TCGCTAGTTAT,58,19
TCGCTATAGGA,58,20
TCGAGAGAATG,58,21
TCGAGCTCCAA,58,22
TCGCAGCGTTG,58,23
TCCTTAGCTAT,58,24
TCCTTCGAGAT,58,25
TCGACCAAGAG,58,26
TCCTGAATTCT,58,27
TCCTGACGCAA,58,28
TCCTGGCTGGT,58,29
TCCTTAGTAAC,58,30
TCCTTGGACGG,58,31
TCGAAGTATCA,58,32
TCCTCTTATTG,58,33
TCCTGACTCTG,58,34
TCCTTAGAATT,58,35
TAGTATGGCGC,58,36
TAGTCTTCGTA,58,37
TAGTTAGGACT,58,38
TAGGTCAGACC,58,39
TAGGTCGTCCT,58,40
TAGTATCCTAG,58,41
TAGTCAGCCTC,58,42
TAGTCTTGCTC,58,43
TAGTTACGATG,58,44
TAGGTATTATT,58,45
TAGGTTCCTCT,58,46
TAGTATCTTGA,58,47
TCAGAGAAGAA,58,48
TCAGATTATTC,58,49
TCAGCCATCCT,58,50
TCAAGATTAAC,58,51
TCAAGCGTTGG,58,52
TCAATTACGAC,58,53
TCAGAGCCTCG,58,54
TCAGCAGGACG,58,55
TCAGCCAAGAT,58,56
TCAAGATGGCC,58,57
TCAAGCTAGTT,58,58
TCAATTAGTAT,58,59
GTTGCTCCGAC,58,60
GTTGGAACGGC,58,61
GTTGGACTCAG,58,62
GTTGCGAATTG,58,63
GTTGCGATCGT,58,64
GTTGCGTTATC,58,65
GTTGCTCGCTG,58,66
GTTGGAAGCTA,58,67
GTTGGAATACC,58,68
GTTGCCTCAGG,58,69
GTTGCGATTCA,58,70
GTTGCTAGGCA,58,71
TGCGATGATCA,59,0
TGCGGATGGTT,59,1
TGCGGCGAATG,59,2
TGCCTGCAGGC,59,3
TGCCTGCTCTA,59,4
TGCGATACCTC,59,5
TGCGATGGAGA,59,6
TGCGGCAGGCA,59,7
TGCGGCATATC,59,8
TGCCTGACTTA,59,9
TGCCTGGAGTT,59,10
TGCGATCGGAA,59,11
TTGCTGAATTG,59,12
TTGCTTAATCT,59,13
TTGCTTGCATT,59,14
TTGCTATGCGA,59,15
TTGCTCAACGC,59,16
TTGCTCTAGGT,59,17
TTGCTGAGACT,59,18
TTGCTTACGGA,59,19
TTGCTTCGCTT,59,20
TTGCTATGATG,59,21
TTGCTCAGTAG,59,22
TTGCTCTCAAG,59,23
TGACTGATAAC,59,24
TGAGCGCAATA,59,25
TGAGCTCATAC,59,26
TGAATTGCATT,59,27
TGACGATAGCT,59,28
TGACTAGTACC,59,29
TGACTGCTTCA,59,30
TGAGCGGTTCT,59,31
TGAGCTACGAG,59,32
TGAATTAATCC,59,33
TGACGCATGGT,59,34
TGACTGAGGAA,59,35
TCGCGGAATGC,59,36
TCGCTGGTAGG,59,37
TCGCTTGCCGT,59,38
TCGATAGGCTG,59,39
TCGATCTCTGG,59,40
TCGCCGAGAGA,59,41
TCGCGGTACGT,59,42
TCGCTTCAGGT,59,43
TCGCTTCCATG,59,44
TCGAGGTTATT,59,45
TCGATTGCTAC,59,46
TCGCGAAGGTT,59,47
TGCGAGATCGA,59,48
TGCGCATTCGT,59,49
TGCGCTCGTTG,59,50
TGCCTATTAGC,59,51
TGCCTCGCTGC,59,52
TGCCTTCATCA,59,53
TGCGAGCATAA,59,54
TGCGCGCTGAC,59,55
TGCGCGGCGCC,59,56
TGCCGGCGCGC,59,57
TGCCTCTTCTG,59,58
TGCGAGAATCT,59,59
TTGCTCGAGAG,59,60
TTGCTGCAGTA,59,61
TTGCTGGCCGC,59,62
TTGCTACTAAT,59,63
TTGCTAGACCT,59,64
TTGCTCCGTCT,59,65
TTGCTCGGCCA,59,66
TTGCTGCCGGT,59,67
TTGCTGCGGCG,59,68
TTGCTAATTGC,59,69
TTGCTATCGCA,59,70
TTGCTCCTCAA,59,71
TGAGGTCTGGA,60,0
TGAGTCAATCA,60,1
TGAGTCTAAGC,60,2
TGAGGATGACG,60,3
TGAGGCCAGCC,60,4
TGAGGTATCTC,60,5
TGAGGTTGCAG,60,6
TGAGTCCGTTA,60,7
TGAGTCGCTTG,60,8
TGAGGATAGTA,60,9
TGAGGCCTTCA,60,10
TGAGGTCGATC,60,11
TCGGCTGCTGA,60,12
TCGGTCGTCGC,60,13
TCGGTTAACTT,60,14
TCGGAGGTACT,60,15
TCGGAGTCTGG,60,16
TCGGCGTAGAC,60,17
TCGGCTGGCGG,60,18
TCGGTCTAGTA,60,19
TCGGTCTGAAC,60,20
TCGGAGCGCCA,60,21
TCGGATATGCA,60,22
TCGGCGTTGCG,60,23
TGCGTAGGTAA,60,24
TGCTAAGTTGA,60,25
TGCTAGGAACG,60,26
TGCGGCGGTTC,60,27
TGCGGCGTCTA,60,28
TGCGTAATAGA,60,29
TGCGTAGTCGG,60,30
TGCTAGAAGTT,60,31
TGCTAGCCGTA,60,32
TGCGGCGACCT,60,33
TGCGGCTTAGT,60,34
TGCGTAATTAC,60,35
TTGGACCTTAT,60,36
TTGGAGGATTC,60,37
TTGGAGGTCGG,60,38
TTGGAACGTAA,60,39
TTGGAAGCCTT,60,40
TTGGAATTCAA,60,41
TTGGACGTAGA,60,42
TTGGAGGCGCG,60,43
TTGGAGGCTAT,60,44
TTGGAACGGTT,60,45
TTGGAATAGGC,60,46
TTGGACCGTTG,60,47
TGAGGCTGGAA,60,48
TGAGGTTGGCT,60,49
TGAGTAGAAGA,60,50
TGAGGACGCTA,60,51
TGAGGACTTGG,60,52
TGAGGCGATAG,60,53
TGAGGCTTCGC,60,54
TGAGTACGAGC,60,55
TGAGTACTTAA,60,56
TGAGCTCGAGA,60,57
TGAGGAGCCAA,60,58
TGAGGCTCGTT,60,59
TCGGCATGATG,60,60
TCGGTAAGACG,60,61
TCGGTCGAGCC,60,62
TCGGAGATCGC,60,63
TCGGAGCAGAG,60,64
TCGGATCCTTC,60,65
TCGGCGGAGGT,60,66
TCGGTATACCA,60,67
TCGGTATTAGG,60,68
TCGCTTGGCCG,60,69
TCGGAGCGAAT,60,70
TCGGATCTAGT,60,71
TGCTGCCATTG,61,0
TGCTGGCAACC,61,1
TGCTGGTTGGA,61,2
TGCTCGGAGGC,61,3
TGCTCGTACTC,61,4
TGCTGATTATT,61,5
TGCTGCGAAGA,61,6
TGCTGGCGGTT,61,7
TGCTGGTCTTC,61,8
TGCTCCAGTAC,61,9
TGCTCTACCGT,61,10
TGCTGCAGCTG,61,11
TTGGCCATTCG,61,12
TTGGCGTCAAG,61,13
TTGGCTCATCG,61,14
TTGGATTCGAC,61,15
TTGGCAGAAGA,61,16
TTGGCCAGCTA,61,17
TTGGCGAAGAT,61,18
TTGGCTACCAA,61,19
TTGGCTAGCGC,61,20
TTGGATGACGC,61,21
TTGGCAGCTTG,61,22
TTGGCCATAAC,61,23
TGATATCGTCA,61,24
TGATCGCCTAG,61,25
TGATCTACCTA,61,26
TGAGTCTTACT,61,27
TGAGTTATTCG,61,28
TGATAGGCGAT,61,29
TGATATCTTGC,61,30
TGATCGTTCCG,61,31
TGATCTAACCG,61,32
TGAGTCTATAT,61,33
TGAGTTCTCTT,61,34
TGATATCGAGG,61,35
TCGTATTCGCC,61,36
TCGTTAAGTTC,61,37
TCGTTACGGAA,61,38
TCGGTTGGAGT,61,39
TCGTACTCTTA,61,40
TCGTATAACGA,61,41
TCGTCTCGAGG,61,42
TCGTTAATCTG,61,43
TCGTTACCAAG,61,44
TCGGTTACGGC,61,45
TCGTAGCCAGC,61,46
TCGTATAGTCA,61,47
TGCGTCTGACC,61,48
TGCTAGTTGCG,61,49
TGCTCAGGCTG,61,50
TGCGGTCGCGT,61,51
TGCGGTTCCTG,61,52
TGCGTCGATGG,61,53
TGCGTTAGTAT,61,54
TGCTATCGATA,61,55
TGCTATTGAAC,61,56
TGCGGTCAGTA,61,57
TGCGGTTCTCT,61,58
TGCGTCGGCCG,61,59
TTGGAGAGTAG,61,60
TTGGATACGTT,61,61
TTGGATCTGGC,61,62
TTGGAATCTTC,61,63
TTGGAATGCTG,61,64
TTGGACTGGTC,61,65
TTGGAGCTATC,61,66
TTGGATATCCG,61,67
TTGGATCAGAA,61,68
TTGGAATATAG,61,69
TTGGAATTACT,61,70
TTGGAGAGGCC,61,71
TGATTCGGCCT,62,0
TGCAGCGTACC,62,1
TGCATCTGCCA,62,2
TGATGGAGACC,62,3
TGATGGATGCA,62,4
TGATTATGAGA,62,5
TGATTGAATGC,62,6
TGCAGTTCAGA,62,7
TGCAGTTCGCC,62,8
TGATGGACGGT,62,9
TGATGGTAGGC,62,10
TGATTATTCGC,62,11
TCTACGCGCGG,62,12
TCTAGTTCGCA,62,13
TCTATCGCGCG,62,14
TCGTTGAATGA,62,15
TCGTTGATAGT,62,16
TCTACCATTCT,62,17
TCTACGTATTA,62,18
TCTATACGATG,62,19
TCTATATAGAA,62,20
TCGTTCTTGGT,62,21
TCGTTGCCGGA,62,22
TCTACCGAGTC,62,23
TGCTGGAAGAG,62,24
TGCTTAAGGCA,62,25
TGCTTCTCTCT,62,26
TGCTCTTCCAA,62,27
TGCTGACCGGA,62,28
TGCTGCTATCC,62,29
TGCTGGAGCCT,62,30
TGCTTCGCCTC,62,31
TGCTTCGTTCA,62,32
TGCTCTCTAGG,62,33
TGCTGAGTCAT,62,34
TGCTGGAACGA,62,35
TTGGCGCCTCT,62,36
TTGGCTCGAGT,62,37
TTGGTAAGGAG,62,38
TTGGCAGTCGC,62,39
TTGGCATGCCT,62,40
TTGGCGATATG,62,41
TTGGCGCGCGG,62,42
TTGGCTTAAGG,62,43
TTGGCTTACCA,62,44
TTGGCAGGTAC,62,45
TTGGCCAATTC,62,46
TTGGCGCAATT,62,47
TGATCAGTTAA,62,48
TGATCTCTCGT,62,49
TGATGCGTTGA,62,50
TGATACGAGCT,62,51
TGATAGAGTAA,62,52
TGATATGGTAT,62,53
TGATCCTCAAT,62,54
TGATCTTCAGA,62,55
TGATGCATTAG,62,56
TGAGTTGCTCA,62,57
TGATAGCTCTG,62,58
TGATATTGCTC,62,59
TCGTCTGGTAG,62,60
TCGTTAGGCGA,62,61
TCGTTCAGATG,62,62
TCGTAGGAGCA,62,63
TCGTAGGCCAA,62,64
TCGTCTCGGCA,62,65
TCGTTAAGAAT,62,66
TCGTTATTACC,62,67
TCGTTCAATCC,62,68
TCGTAGCCGAT,62,69
TCGTAGGTTAC,62,70
TCGTCTGAATG,62,71
TGGAATTAGCA,63,0
TGGACCGCGCG,63,1
TGGACGGAGTT,63,2
TGGAAGACTCC,63,3
TGGAAGATATC,63,4
TGGAATATTAA,63,5
TGGAATTCTTA,63,6
TGGACGAAGGC,63,7
TGGACGCGCGC,63,8
TGGAACTTAAT,63,9
TGGAAGCGCTT,63,10
TGGAATGCCTC,63,11
TTGGTCTAATT,63,12
TTGGTTGAATC,63,13
TTGGTTGGCCT,63,14
TTGGTAGTAAG,63,15
TTGGTCAAGCT,63,16
TTGGTCGCTAG,63,17
TTGGTCTATGC,63,18
TTGGTTGATAT,63,19
TTGGTTGCGTA,63,20
TTGGTAGGACC,63,21
TTGGTCAGTCA,63,22
TTGGTCGTTCC,63,23
TGATTGGACCG,63,24
TGCATGCCGAT,63,25
TGCCGGAAGTA,63,26
TGATTACCGGT,63,27
TGATTAGAGTT,63,28
TGATTGCCTTC,63,29
TGCAAGTTGGC,63,30
TGCATGGCTCC,63,31
TGCCGCTCCTA,63,32
TGATGGTTGAT,63,33
TGATTAGTCTA,63,34
TGATTGCTACG,63,35
TCTAGCTTCGG,63,36
TCTATCGGCGT,63,37
TCTATGATTCC,63,38
TCGTTGGTCCG,63,39
TCTAACCGGTT,63,40
TCTACTTAAGT,63,41
TCTAGGAATAA,63,42
TCTATGAATTG,63,43
TCTATGAGCAT,63,44
TCGTTGCGTAC,63,45
TCTAATGGCGG,63,46
TCTAGCATGGC,63,47
TGGAAGGTTGG,63,48
TGGAATTGAGA,63,49
TGGACCAGCCA,63,50
TGCTTGCGGCG,63,51
TGCTTGCTGAA,63,52
TGGAAGGCCAG,63,53
TGGAATAGCCG,63,54
TGGAATTGGTC,63,55
TGGACCAGAAC,63,56
TGCTTGATAGC,63,57
TGCTTGGTATG,63,58
TGGAAGGCGGC,63,59
TTGGTCCTACT,63,60
TTGGTCTCCAT,63,61
TTGGTTATGGT,63,62
TTGGTAATCCT,63,63
TTGGTACGCAT,63,64
TTGGTCATAGG,63,65
TTGGTCGCCTC,63,66
TTGGTCTGACG,63,67
TTGGTTAGATG,63,68
TTGGTAATATC,63,69
TTGGTAGCTGA,63,70
TTGGTCCAAGA,63,71
TTAACCGGTTC,64,0
TTAATGCATTA,64,1
TTAATTCAGCA,64,2
TGGTTCGCTCG,64,3
TGGTTCGGAAG,64,4
TGGTTGGCAAC,64,5
TTAACGCCGAA,64,6
TTAATGGTACC,64,7
TTAATTACTGC,64,8
TGGTTCCTCTG,64,9
TGGTTCTCGCA,64,10
TGGTTGGTACT,64,11
TGGAGACTCTT,64,12
TGGAGGACTGA,64,13
TGGAGGTCAAT,64,14
TGGACTGCGAT,64,15
TGGACTTACGC,64,16
TGGAGACGATG,64,17
TGGAGAGCAGC,64,18
TGGAGGCAGTA,64,19
TGGAGGCGGCT,64,20
TGGACTCTTGG,64,21
TGGACTTCGGA,64,22
TGGAGACTACC,64,23
TTATCATATAA,64,24
TTATCTGACGC,64,25
TTATGACTATG,64,26
TTATAGGTCAA,64,27
TTATAGTCGGT,64,28
TTATATTAGCC,64,29
TTATCCGACCT,64,30
TTATGACGCAG,64,31
TTATGACGTCC,64,32
TTATAGCCATT,64,33
TTATAGTTCTC,64,34
TTATCAGCTCG,64,35
TGGCGTTATCT,64,36
TGGCTCAACCA,64,37
TGGCTCCGCGA,64,38
TGGCGGAGCAT,64,39
TGGCGGATCGC,64,40
TGGCGTCAGCA,64,41
TGGCGTTCCAG,64,42
TGGCTCAGAAT,64,43
TGGCTCCATCG,64,44
TGGCGGAAGCT,64,45
TGGCGGCCTCC,64,46
TGGCGTCTGAG,64,47
TGGTTGAGGTT,64,48
TTAAGTCGGAG,64,49
TTAATCTCGAG,64,50
TGGTTCATACG,64,51
TGGTTCCAATA,64,52
TGGTTCTGCTT,64,53
TGGTTGGATAA,64,54
TTAATAATACT,64,55
TTAATAGCCTC,64,56
TGGTTCAGCAA,64,57
TGGTTCCTAAC,64,58
TGGTTGACCAT,64,59
TGGAGAAGGCC,64,60
TGGAGATTAAG,64,61
TGGAGCTGGAG,64,62
TGGACGTCTAA,64,63
TGGACTAATCA,64,64
TGGACTTCTCT,64,65
TGGAGAATGAA,64,66
TGGAGCCTAGA,64,67
TGGAGCGGACG,64,68
TGGACGGATAG,64,69
TGGACTATACC,64,70
TGGAGAACTAC,64,71
TTATTGAGAAC,65,0
TTATTGGCAGG,65,1
TTCAATGACGG,65,2
TTATGGCTTAA,65,3
TTATGGTAAGT,65,4
TTATTCTCTGA,65,5
TTATTGAGCCG,65,6
TTCAAGAGGTT,65,7
TTCAAGTTATT,65,8
TTATGGACTCG,65,9
TTATGGTAGCG,65,10
TTATTCTGGCT,65,11
TGGCTTGGTAG,65,12
TGGTACCAGGA,65,13
TGGTACGCGAC,65,14
TGGCTGAGGCC,65,15
TGGCTGATGGA,65,16
TGGCTTCGAGC,65,17
TGGTAACTGCT,65,18
TGGTACCGTAG,65,19
TGGTACCTAGT,65,20
TGGCTCTAACC,65,21
TGGCTGATTAT,65,22
TGGCTTGCAGA,65,23
TTACTCATAAT,65,24
TTACTTAGATT,65,25
TTACTTGATGC,65,26
TTACCAGTCGG,65,27
TTACCTCGTAC,65,28
TTACGTCCAGC,65,29
TTACTCCATAA,65,30
TTACTTAGGAG,65,31
TTACTTATTGG,65,32
TTACCAATCTT,65,33
TTACCTTCTAA,65,34
TTACGTTCCGT,65,35
TGGATAGAGAA,65,36
TGGATATTCAA,65,37
TGGATCGGAGA,65,38
TGGAGTAGTAT,65,39
TGGAGTATATT,65,40
TGGATACGGAC,65,41
TGGATAGCGTC,65,42
TGGATATTGCC,65,43
TGGATCCTCAT,65,44
TGGAGGTTGCG,65,45
TGGAGTCGCAA,65,46
TGGATAGACGG,65,47
TTATCGTCTAC,65,48
TTATGAGTCTT,65,49
TTATGCTCAAC,65,50
TTATATAGCAT,65,51
TTATATCAGTT,65,52
TTATCCTTGGT,65,53
TTATCTCCTCA,65,54
TTATGCCGCTA,65,55
TTATGCGACTC,65,56
TTATATAGATG,65,57
TTATATCTTCG,65,58
TTATCGAAGAA,65,59
TGGCTATCAAT,65,60
TGGCTCCTGGT,65,61
TGGCTCGTTGG,65,62
TGGCGGCGGAC,65,63
TGGCGTACTGC,65,64
TGGCTAACCGG,65,65
TGGCTATGCCG,65,66
TGGCTCGAATG,65,67
TGGCTCGACGT,65,68
TGGCGGCGATA,65,69
TGGCGTCAATT,65,70
TGGCTACGTCC,65,71
TTAGCGAGACC,66,0
TTAGGACCAAC,66,1
TTAGGAGTATA,66,2
TTAGATCCGCC,66,3
TTAGATCGATA,66,4
TTAGCCGCCTA,66,5
TTAGCGTATGA,66,6
TTAGGACTGCG,66,7
TTAGGAGCTCC,66,8
TTAGATCAACG,66,9
TTAGATGATAC,66,10
TTAGCCTGGCA,66,11
TGGCAACCAGC,66,12
TGGCATATATA,66,13
TGGCATGCTAC,66,14
TGGATGCTGAG,66,15
TGGATGGCAGT,66,16
TGGATTGGCGT,66,17
TGGCAGACTAA,66,18
TGGCATCGGTT,66,19
TGGCATCTGGA,66,20
TGGATGCGAGG,66,21
TGGATTACGAG,66,22
TGGATTGGTTA,66,23
TTATTGCAGGA,66,24
TTCAGAATCCT,66,25
TTCAGGTAGGA,66,26
TTATTATTCAT,66,27
TTATTCAATGG,66,28
TTATTGATATG,66,29
TTATTGGAGAT,66,30
TTCAGCGGCGA,66,31
TTCAGGAGGCA,66,32
TTATTAGCGCC,66,33
TTATTCGTTAT,66,34
TTATTGATGCT,66,35
TGGTAATAGAA,66,36
TGGTACTACGC,66,37
TGGTACTTGCC,66,38
TGGCTGGACTC,66,39
TGGCTGGAGCA,66,40
TGGTAAGCTAA,66,41
TGGTAATGAGT,66,42
TGGTACTATAT,66,43
TGGTACTTCAA,66,44
TGGCTGCGCCT,66,45
TGGCTGGTATA,66,46
TGGTAAGTATC,66,47
TTACTGACTGA,66,48
TTACTTGGTCG,66,49
TTAGATAGGCG,66,50
TTACGCTCGTA,66,51
TTACGGATGGA,66,52
TTACTCGGCGC,66,53
TTACTGCTTAC,66,54
TTAGAAGCGAA,66,55
TTAGAATCAGA,66,56
TTACGACCGCA,66,57
TTACGGCTGCC,66,58
TTACTGACCAT,66,59
TGGATATATGC,66,60
TGGATCGGTCT,66,61
TGGATGAATTC,66,62
TGGAGTTGACC,66,63
TGGATAAGTCG,66,64
TGGATAGTAAT,66,65
TGGATATCTTG,66,66
TGGATCTCCAG,66,67
TGGATCTTAGG,66,68
TGGAGTTATAA,66,69
TGGATACGCCA,66,70
TGGATAGTTGA,66,71
TTCCGACTATA,67,0
TTCCTCGCATA,67,1
TTCCTCTTAGT,67,2
TTCATGGAACG,67,3
TTCATGGACGA,67,4
TTCCATGGTAA,67,5
TTCCGCTAGAG,67,6
TTCCTCGCCGT,67,7
TTCCTCGGACC,67,8
TTCATCTCTCG,67,9
TTCATTCGCCT,67,10
TTCCATTAAGG,67,11
TGGTCAATGGA,67,12
TGGTCCAGATT,67,13
TGGTCCGCATC,67,14
TGGTAGGATCT,67,15
TGGTAGTATGG,67,16
TGGTATTGATG,67,17
TGGTCAGTTCG,67,18
TGGTCCATTGG,67,19
TGGTCCGAGAG,67,20
TGGTAGGACTG,67,21
TGGTAGTCCGT,67,22
TGGTCAATACT,67,23
TTAGCTGGAGG,67,24
TTAGGCCGCGC,67,25
TTAGGCTACTA,67,26
TTAGATTGAAG,67,27
TTAGCAGACTC,67,28
TTAGCGTCTCG,67,29
TTAGGAAGCGG,67,30
TTAGGCCGTAT,67,31
TTAGGCGTTAA,67,32
TTAGATTCCTC,67,33
TTAGCATCGTA,67,34
TTAGCTCAGTC,67,35
TGGCAGTTCGG,67,36
TGGCATGGAGT,67,37
TGGCCAGCAGT,67,38
TGGATTCGCTG,67,39
TGGATTCTATA,67,40
TGGCAGGATGC,67,41
TGGCATAGTCT,67,42
TGGCATTGCAT,67,43
TGGCCAAGAGG,67,44
TGGATTCAAGT,67,45
TGGATTGCCAA,67,46
TGGCAGTAGAC,67,47
TTCCAATTCGT,67,48
TTCCGTCGGCC,67,49
TTCCTCAATAT,67,50
TTCAGTCGTAC,67,51
TTCATATTCTT,67,52
TTCCAATAGAT,67,53
TTCCAGATTCG,67,54
TTCCTAGCTCT,67,55
TTCCTATTCAA,67,56
TTCAGTACTAT,67,57
TTCATCGCTGA,67,58
TTCCAATGCAG,67,59
TGGTATGCAGC,67,60
TGGTCATCCGG,67,61
TGGTCATTCTA,67,62
TGGTAGAGTTC,67,63
TGGTAGATGGT,67,64
TGGTATAAGTA,67,65
TGGTATGGCAG,67,66
TGGTCATCTCA,67,67
TGGTCATGGTT,67,68
TGGTAGAGAAG,67,69
TGGTAGCTATA,67,70
TGGTATCAGAT,67,71
TTAGTTATCAT,68,0
TTATAAGCATG,68,1
TTATACGTATC,68,2
TTAGGTTAGGC,68,3
TTAGGTTCATA,68,4
TTAGTCGTATG,68,5
TTAGTTCATCC,68,6
TTATAAGCTGA,68,7
TTATACGAGGC,68,8
TTAGGTCCTTC,68,9
TTAGTAACGCT,68,10
TTAGTCTTCAG,68,11
TGGCGAGGTCG,68,12
TGGCGCATAGG,68,13
TGGCGCGCAAG,68,14
TGGCCTGAATA,68,15
TGGCCTGCCTT,68,16
TGGCGAGAGAC,68,17
TGGCGAGTCAA,68,18
TGGCGCCGGCG,68,19
TGGCGCCTAAT,68,20
TGGCCTCTAAC,68,21
TGGCCTGGCCA,68,22
TGGCGAGGAAT,68,23
TTCGAATACTA,68,24
TTCGAGTCGAA,68,25
TTCGATGGTCT,68,26
TTCCTGCATCC,68,27
TTCCTGCGAGG,68,28
TTCCTTCTATT,68,29
TTCGAATCCAT,68,30
TTCGAGTTAGC,68,31
TTCGATCGGTC,68,32
TTCCTCTTGCA,68,33
TTCCTGCTCAG,68,34
TTCGAAGCCGA,68,35
TGGTCGGCTTA,68,36
TGGTTACCTAC,68,37
TGGTTAGCCAG,68,38
TGGTCCTATTG,68,39
TGGTCCTGAGC,68,40
TGGTCGCTCAA,68,41
TGGTCTAGCGG,68,42
TGGTTACTTCA,68,43
TGGTTAGATTG,68,44
TGGTCCGTTAT,68,45
TGGTCGACCGA,68,46
TGGTCGGCAGG,68,47
TTAGTATGACT,68,48
TTAGTTCGAAT,68,49
TTATAACTTAC,68,50
TTAGGTACCTG,68,51
TTAGGTAGAAC,68,52
TTAGTACGTAC,68,53
TTAGTCATACC,68,54
TTAGTTGCGAC,68,55
TTAGTTGGTAA,68,56
TTAGGCTTGCC,68,57
TTAGGTCAATT,68,58
TTAGTAGTTCT,68,59
TGGCGACCGAA,68,60
TGGCGAGTTGC,68,61
TGGCGCAGACC,68,62
TGGCCGAGCTG,68,63
TGGCCGTCTGC,68,64
TGGCCTTCATG,68,65
TGGCGAGACTG,68,66
TGGCGATCTGG,68,67
TGGCGATTGCA,68,68
TGGCCATGCAA,68,69
TGGCCTATGCG,68,70
TGGCCTTGGCT,68,71
TTCTATAGCGC,69,0
TTCTCGCCAGC,69,1
TTCTCTATCCA,69,2
TTCGTTCTGCA,69,3
TTCGTTGGATT,69,4
TTCTAGTACCA,69,5
TTCTCATTGGA,69,6
TTCTCGGCTAA,69,7
TTCTCTAGATC,69,8
TTCGTTCGCGG,69,9
TTCTACCAATT,69,10
TTCTATACGAC,69,11
TTCTAGACTGC,69,12
TTCTCCGAGGT,69,13
TTCTCGCATAG,69,14
TTCGTCGACCA,69,15
TTCGTCTCTAA,69,16
TTCTACGCAGC,69,17
TTCTAGGCGCT,69,18
TTCTCCTCCTG,69,19
TTCTCCTGGTA,69,20
TTCGTCCTGGT,69,21
TTCGTTACCGT,69,22
TTCTACTGAGT,69,23
TTCGGCTTGGA,69,24
TTCGTATACGT,69,25
TTCGTCCAGCG,69,26
TTCGCTCGAAG,69,27
TTCGCTGATTA,69,28
TTCGGCGATGC,69,29
TTCGGTCAAGA,69,30
TTCGTATGAGA,69,31
TTCGTATTGCC,69,32
TTCGCGTCTTC,69,33
TTCGCTGCTGG,69,34
TTCGGCGCGAA,69,35
TTCGGACTCGG,69,36
TTCGGTCATAT,69,37
TTCGTAGCCTG,69,38
TTCGCGGAATC,69,39
TTCGCGGAGCA,69,40
TTCGCTTCGCA,69,41
TTCGGATAATG,69,42
TTCGGTCGCCA,69,43
TTCGTAATAAT,69,44
TTCGCGCGTCA,69,45
TTCGCGTCAGT,69,46
TTCGCTTGACC,69,47
TTCGACGTACC,69,48
TTCGCCAATGA,69,49
TTCGCCTCCGA,69,50
TTCCTGGTTCA,69,51
TTCCTTAGTCA,69,52
TTCGACCAGGA,69,53
TTCGAGATCAT,69,54
TTCGCCAGGCC,69,55
TTCGCCTAACG,69,56
TTCCTGGTAAT,69,57
TTCCTTCCGTC,69,58
TTCGACCTTGG,69,59
TGGTCTGAGTC,69,60
TGGTTAGTCGT,69,61
TGGTTCAATAG,69,62
TGGTCGATCTC,69,63
TGGTCGCAGCC,69,64
TGGTCTCATCT,69,65
TGGTCTTAGCG,69,66
TGGTTATATCT,69,67
TGGTTATTATG,69,68
TGGTCGAGGCA,69,69
TGGTCGCGAAC,69,70
TGGTCTCGCTT,69,71
TTGAGGTAATG,70,0
TTGATACTCCG,70,1
TTGATATGGCT,70,2
TTGAGCCGGTA,70,3
TTGAGCGATAG,70,4
TTGAGGAGACC,70,5
TTGAGGTTCTA,70,6
TTGATAGATTC,70,7
TTGATATACTA,70,8
TTGAGATGAAC,70,9
TTGAGCGCGTC,70,10
TTGAGGAGCTT,70,11
TTGAGGAACGG,70,12
TTGATAACCAT,70,13
TTGATACCTTA,70,14
TTGAGAGAGGA,70,15
TTGAGAGGCGT,70,16
TTGAGCTGACT,70,17
TTGAGGAATAC,70,18
TTGATAAGTAC,70,19
TTGATACCAGC,70,20
TTGAGACTGGC,70,21
TTGAGAGTTCC,70,22
TTGAGCTTGAA,70,23
TTGACGGTACT,70,24
TTGAGAACCGA,70,25
TTGAGACGGAT,70,26
TTGAAGTAACC,70,27
TTGAAGTCTCG,70,28
TTGACGACCTG,70,29
TTGACTCCGTC,70,30
TTGAGAACGTT,70,31
TTGAGAATTAT,70,32
TTGAAGGTCTC,70,33
TTGAATCAGCG,70,34
TTGACGATTAA,70,35
TTGACCGGCCG,70,36
TTGACTCTCCT,70,37
TTGACTTGGCC,70,38
TTGAAGCTAGG,70,39
TTGAAGCTTCT,70,40
TTGAATTAATA,70,41
TTGACCGTAAG,70,42
TTGACTGGCAA,70,43
TTGACTTAGAG,70,44
TTGAAGCCGGA,70,45
TTGAAGGATGA,70,46
TTGAATTGCTT,70,47
TTCTTATCCGC,70,48
TTCTTGCGATC,70,49
TTGAACGCCTG,70,50
TTCTGGATATA,70,51
TTCTGGATCGC,70,52
TTCTTACTTGC,70,53
TTCTTCCGAAT,70,54
TTGAACCAGTC,70,55
TTGAACCTACC,70,56
TTCTGCCATAA,70,57
TTCTGGCAGCT,70,58
TTCTTAGCGAG,70,59
TTCTTAAGATG,70,60
TTCTTCTACGG,70,61
TTCTTGCCGCA,70,62
TTCTCTTGCCG,70,63
TTCTGACGACT,70,64
TTCTGGTCTAT,70,65
TTCTTAAGTAT,70,66
TTCTTCTATTC,70,67
TTCTTGAATCA,70,68
TTCTCTGCCTC,70,69
TTCTGATCGAA,70,70
TTCTGGTTAAC,70,71
TTGCGGTAACT,71,0
TTGCGTCGTAT,71,1
TTGCTAATGAA,71,2
TTGCGCGCTCA,71,3
TTGCGCGGTTC,71,4
TTGCGGCCTGA,71,5
TTGCGGTTGGC,71,6
TTGCGTCTATC,71,7
TTGCGTTGGTC,71,8
TTGCGCCGCAG,71,9
TTGCGCGTACG,71,10
TTGCGGCTTCG,71,11
TTGCGGAGCCG,71,12
TTGCGTAAGAT,71,13
TTGCGTCGACG,71,14
TTGCGACGATT,71,15
TTGCGAGTAGT,71,16
TTGCGCTGGAT,71,17
TTGCGGCCAAG,71,18
TTGCGTATCTG,71,19
TTGCGTATGCA,71,20
TTGCGACCTTC,71,21
TTGCGCCAAGG,71,22
TTGCGGACGCC,71,23
TTGCCGGAACC,71,24
TTGCCTGATGA,71,25
TTGCCTTGCGT,71,26
TTGCATGGATA,71,27
TTGCATTGAAC,71,28
TTGCCGCATAT,71,29
TTGCCGTAGTC,71,30
TTGCCTGGCTC,71,31
TTGCCTTACTG,71,32
TTGCATAATAA,71,33
TTGCCAGCGGA,71,34
TTGCCGCTGGA,71,35
TTGCCATTCCA,71,36
TTGCCGTTGAT,71,37
TTGCCTCCGCA,71,38
TTGCAGTCTAC,71,39
TTGCAGTTATG,71,40
TTGCCATCATT,71,41
TTGCCGAAGCG,71,42
TTGCCTATGGC,71,43
TTGCCTCCAGG,71,44
TTGCAGTACGA,71,45
TTGCATAACGT,71,46
TTGCCATTAGC,71,47
TTGATTGAAGG,71,48
TTGCAGCGTCC,71,49
TTGCAGGCATC,71,50
TTGATGCGCGT,71,51
TTGATGCGGAA,71,52
TTGATTCTGCC,71,53
TTGATTGCTCG,71,54
TTGCAGCTCAT,71,55
TTGCAGGAAGG,71,56
TTGATGCAATC,71,57
TTGATGGATCT,71,58
TTGATTCTTAA,71,59
TTGATTCAGAT,71,60
TTGCAACGCCT,71,61
TTGCAAGCGAT,71,62
TTGATCGTCGA,71,63
TTGATCTCCGC,71,64
TTGATGGCCTT,71,65
TTGATTCGAAC,71,66
TTGCAAGACTA,71,67
TTGCAAGATCC,71,68
TTGATCGCGCA,71,69
TTGATGATTGG,71,70
TTGATTAGCCA,71,71